symbol,price,signal,score,horizon,horizon_reasoning,rsi14,trend,volatility_pct,avg_daily_value_pkr,suggested_stop_loss,suggested_target,time_to_target,recent_support,recent_resistance,support_distance_pct,resistance_distance_pct,suggested_shares,suggested_position_value,reasoning,is_dip_candidate,dip_reasoning,dip_stop_loss,dip_target,as_of
ARPL,448.28,BUY,4,LONG-TERM,50-day trend has moved +3.3% over the last month; relatively low volatility; unusual volume today — check for news,60.5,up,2.89,15867352,422.33,474.23,"{'hit_rate_pct': 46.2, 'median_days': 12, 'sample_size': 132}",369.0,450.79,17.7,0.6,223,99966.44,uptrend (price > SMA20 > SMA50); MACD bullish crossover; high volume on up move,False,,,,2026-09-22 00:00:00
MUREB,934.81,BUY,4,SHORT-TERM/TRADE,high volatility — big daily swings; unusual volume today — check for news,52.3,up,3.88,10259415,862.36,1007.26,"{'hit_rate_pct': 17.4, 'median_days': 15, 'sample_size': 132}",865.02,1011.2,7.5,8.2,106,99089.86,uptrend (price > SMA20 > SMA50); MACD bullish crossover; high volume on up move,False,,,,2026-09-22 00:00:00
PPL,230.51,BUY,3,LONG-TERM,relatively low volatility,54.5,up,2.92,1026729090,217.07,243.95,"{'hit_rate_pct': 60.6, 'median_days': 8, 'sample_size': 132}",207.21,254.49,10.1,10.4,433,99810.83,uptrend (price > SMA20 > SMA50); MACD bullish crossover,False,,,,2026-09-22 00:00:00
SPAC1,18.76,BUY,3,SHORT-TERM/TRADE,50-day trend has moved -4.7% over the last month; high volatility — big daily swings; RSI at an extreme — often short-lived; unusual volume today — check for news,75.5,up,7.06,11330500,16.11,21.41,"{'hit_rate_pct': 46.1, 'median_days': 11, 'sample_size': 89}",12.76,18.76,32.0,0.0,3773,70781.48,uptrend (price > SMA20 > SMA50); MACD bullish crossover; high volume on up move; RSI overbought (76),False,,,,2026-09-22 00:00:00
AICL,99.2,BUY,3,EITHER,50-day trend has moved +6.4% over the last month; high volatility — big daily swings,60.2,up,4.97,144066285,89.34,109.06,"{'hit_rate_pct': 58.3, 'median_days': 11, 'sample_size': 132}",70.65,101.0,28.8,1.8,1008,99993.6,uptrend (price > SMA20 > SMA50); MACD bullish crossover,False,,,,2026-09-22 00:00:00
GRR,22.79,BUY,3,LONG-TERM,relatively low volatility,60.1,up,1.98,14842795,21.89,23.69,"{'hit_rate_pct': 30.3, 'median_days': 10, 'sample_size': 132}",19.92,24.4,12.6,7.1,4387,99979.73,uptrend (price > SMA20 > SMA50); MACD bullish crossover,False,,,,2026-09-22 00:00:00
CENI,62.2,BUY,3,EITHER,50-day trend has moved +4.5% over the last month; high volatility — big daily swings,64.9,up,6.43,4293710,54.2,70.2,"{'hit_rate_pct': 30.3, 'median_days': 11, 'sample_size': 132}",50.0,74.9,19.6,20.4,1250,77750.0,uptrend (price > SMA20 > SMA50); MACD bullish crossover,False,,,,2026-09-22 00:00:00
ABOT,929.66,BUY,3,LONG-TERM,relatively low volatility,49.5,up,1.9,45675224,894.36,964.96,"{'hit_rate_pct': 65.9, 'median_days': 8, 'sample_size': 132}",890.08,1029.0,4.3,10.7,107,99473.62,uptrend (price > SMA20 > SMA50); MACD bullish crossover,False,,,,2026-09-22 00:00:00
BPL,57.86,BUY,3,SHORT-TERM/TRADE,high volatility — big daily swings,58.2,up,7.83,9417361,48.8,66.92,"{'hit_rate_pct': 56.5, 'median_days': 8, 'sample_size': 131}",47.35,67.74,18.2,17.1,1103,63819.58,uptrend (price > SMA20 > SMA50); MACD bullish crossover,False,,,,2026-09-22 00:00:00
POL,746.65,BUY,3,LONG-TERM,relatively low volatility,64.3,up,1.2,190976657,728.76,764.54,"{'hit_rate_pct': 75.8, 'median_days': 9, 'sample_size': 132}",668.2,765.0,10.5,2.5,133,99304.45,uptrend (price > SMA20 > SMA50); MACD bullish crossover,False,,,,2026-09-22 00:00:00
NETSOL,124.5,BUY,3,EITHER,50-day trend has moved -3.1% over the last month; high volatility — big daily swings,58.3,up,3.61,130214250,115.51,133.49,"{'hit_rate_pct': 34.1, 'median_days': 8, 'sample_size': 132}",116.0,136.95,6.8,10.0,803,99973.5,uptrend (price > SMA20 > SMA50); MACD bullish crossover,False,,,,2026-09-22 00:00:00
NCL,38.95,BUY,3,LONG-TERM,50-day trend has moved -3.5% over the last month,69.3,up,3.1,12606189,36.54,41.36,"{'hit_rate_pct': 61.4, 'median_days': 11, 'sample_size': 132}",34.9,42.88,10.4,10.1,2567,99984.65,uptrend (price > SMA20 > SMA50); MACD bullish crossover,False,,,,2026-09-22 00:00:00
PRET,533.49,BUY,3,SHORT-TERM/TRADE,high volatility — big daily swings,60.7,up,6.98,4403434,459.0,607.98,"{'hit_rate_pct': 31.6, 'median_days': 10, 'sample_size': 114}",445.0,591.0,16.6,10.8,134,71487.66,uptrend (price > SMA20 > SMA50); MACD bullish crossover,False,,,,2026-09-22 00:00:00
FPJM,29.93,BUY,3,EITHER,50-day trend has moved +52.5% over the last month; high volatility — big daily swings,56.9,up,10.34,89926182,23.74,36.12,"{'hit_rate_pct': 81.1, 'median_days': 12, 'sample_size': 132}",7.2,29.93,75.9,0.0,1615,48336.95,uptrend (price > SMA20 > SMA50); MACD bullish crossover,False,,,,2026-09-22 00:00:00
ALAC,24.11,HOLD,2,SHORT-TERM/TRADE,high volatility — big daily swings; RSI at an extreme — often short-lived,74.7,up,6.85,13859635,20.81,27.41,"{'hit_rate_pct': 65.9, 'median_days': 13, 'sample_size': 132}",17.81,25.8,26.1,7.0,3030,73053.3,uptrend (price > SMA20 > SMA50); MACD bullish crossover; RSI overbought (75),False,,,,2026-09-22 00:00:00
ARCTM,46.25,HOLD,2,SHORT-TERM/TRADE,high volatility — big daily swings; unusual volume today — check for news,52.1,sideways,7.73,4226028,39.1,53.4,"{'hit_rate_pct': 59.8, 'median_days': 10, 'sample_size': 132}",33.25,65.0,28.1,40.5,1398,64657.5,MACD bullish crossover; high volume on up move,False,,,,2026-09-22 00:00:00
STL,25.06,HOLD,2,SHORT-TERM/TRADE,50-day trend has moved -23.5% over the last month; high volatility — big daily swings; unusual volume today — check for news,55.0,sideways,5.32,45680689,22.39,27.73,"{'hit_rate_pct': 10.6, 'median_days': 4, 'sample_size': 132}",22.1,53.9,11.8,115.1,3745,93849.7,MACD bullish crossover; high volume on up move,False,,,,2026-09-22 00:00:00
SPSL,16.53,HOLD,2,SHORT-TERM/TRADE,50-day trend has moved -9.0% over the last month; high volatility — big daily swings; unusual volume today — check for news,55.1,sideways,4.02,84854108,15.2,17.86,"{'hit_rate_pct': 18.5, 'median_days': 5, 'sample_size': 81}",14.51,20.09,12.2,21.5,6049,99989.97,MACD bullish crossover; high volume on up move,False,,,,2026-09-22 00:00:00
PSEL,1222.24,HOLD,2,SHORT-TERM/TRADE,50-day trend has moved +5.9% over the last month; high volatility — big daily swings; RSI at an extreme — often short-lived,74.8,up,7.42,6005478,1040.92,1403.56,"{'hit_rate_pct': 25.0, 'median_days': 14, 'sample_size': 132}",805.0,1400.0,34.1,14.5,55,67223.2,uptrend (price > SMA20 > SMA50); MACD bullish crossover; RSI overbought (75),False,,,,2026-09-22 00:00:00
SELECT,30.85,HOLD,2,SHORT-TERM/TRADE,high volatility — big daily swings; unusual volume today — check for news,64.4,sideways,4.92,33683130,27.81,33.89,"{'hit_rate_pct': 53.1, 'median_days': 8, 'sample_size': 49}",25.26,33.6,18.1,8.9,3241,99984.85,MACD bullish crossover; high volume on up move,False,,,,2026-09-22 00:00:00
SHEZ,292.91,HOLD,2,SHORT-TERM/TRADE,high volatility — big daily swings; RSI at an extreme — often short-lived,77.5,up,7.15,2396555,251.0,334.82,"{'hit_rate_pct': 39.4, 'median_days': 15, 'sample_size': 132}",220.1,304.0,24.9,3.8,238,69712.58,uptrend (price > SMA20 > SMA50); MACD bullish crossover; RSI overbought (78),False,,,,2026-09-22 00:00:00
PAKD,124.0,HOLD,2,SHORT-TERM/TRADE,high volatility — big daily swings; RSI at an extreme — often short-lived,32.5,sideways,5.03,6232721,111.53,136.47,"{'hit_rate_pct': 48.5, 'median_days': 10, 'sample_size': 132}",110.2,147.0,11.1,18.5,801,99324.0,RSI oversold (33); MACD bullish crossover,False,,,,2026-09-22 00:00:00
BAPL,42.8,HOLD,2,SHORT-TERM/TRADE,50-day trend has moved +8.6% over the last month; high volatility — big daily swings; unusual volume today — check for news,62.6,up,10.23,23546788,34.05,51.55,"{'hit_rate_pct': 42.4, 'median_days': 11, 'sample_size': 132}",27.9,48.35,34.8,13.0,1142,48877.6,uptrend (price > SMA20 > SMA50); MACD bullish crossover; high volume on down move,False,,,,2026-09-22 00:00:00
PIBTL,16.03,HOLD,2,LONG-TERM,50-day trend has moved -5.5% over the last month; unusual volume today — check for news,48.2,sideways,3.36,152403257,14.95,17.11,"{'hit_rate_pct': 49.2, 'median_days': 6, 'sample_size': 132}",14.7,19.35,8.3,20.7,6238,99995.14,MACD bullish crossover; high volume on up move,False,,,,2026-09-22 00:00:00
PAKT,1405.47,HOLD,2,EITHER,relatively low volatility; unusual volume today — check for news,54.2,sideways,2.15,26143820,1345.1,1465.84,"{'hit_rate_pct': 53.0, 'median_days': 7, 'sample_size': 132}",1285.0,1520.0,8.6,8.1,71,99788.37,MACD bullish crossover; high volume on up move,False,,,,2026-09-22 00:00:00
SARC,100.82,HOLD,2,SHORT-TERM/TRADE,50-day trend has moved +4.6% over the last month; high volatility — big daily swings; unusual volume today — check for news,60.7,sideways,8.22,4564391,84.25,117.39,"{'hit_rate_pct': 40.8, 'median_days': 7, 'sample_size': 130}",69.0,120.32,31.6,19.3,603,60794.46,MACD bullish crossover; high volume on up move,False,,,,2026-09-22 00:00:00
QUICE,32.98,HOLD,2,SHORT-TERM/TRADE,50-day trend has moved -7.9% over the last month; high volatility — big daily swings; unusual volume today — check for news,62.0,sideways,6.2,6927828,28.89,37.07,"{'hit_rate_pct': 50.8, 'median_days': 9, 'sample_size': 132}",23.6,36.75,28.4,11.4,2444,80603.12,MACD bullish crossover; high volume on up move,False,,,,2026-09-22 00:00:00
QTECH,38.8,HOLD,2,SHORT-TERM/TRADE,50-day trend has moved -5.5% over the last month; high volatility — big daily swings; unusual volume today — check for news,42.0,sideways,6.64,46604885,33.65,43.95,"{'hit_rate_pct': 38.6, 'median_days': 7, 'sample_size': 132}",32.85,56.4,15.3,45.4,1941,75310.8,MACD bullish crossover; high volume on up move,False,,,,2026-09-22 00:00:00
HIRAT,6.05,HOLD,2,SHORT-TERM/TRADE,50-day trend has moved -6.5% over the last month; high volatility — big daily swings; unusual volume today — check for news,47.9,sideways,7.08,2613497,5.19,6.91,"{'hit_rate_pct': 43.2, 'median_days': 9, 'sample_size': 132}",4.95,8.4,18.2,38.8,11627,70343.35,MACD bullish crossover; high volume on up move,False,,,,2026-09-22 00:00:00
DFSM,14.39,HOLD,2,SHORT-TERM/TRADE,50-day trend has moved -18.8% over the last month; high volatility — big daily swings; unusual volume today — check for news,54.3,sideways,6.61,5549559,12.49,16.29,"{'hit_rate_pct': 63.6, 'median_days': 5, 'sample_size': 132}",10.36,35.24,28.0,144.9,5263,75734.57,MACD bullish crossover; high volume on up move,False,,,,2026-09-22 00:00:00
FCSC,5.64,HOLD,2,SHORT-TERM/TRADE,high volatility — big daily swings; unusual volume today — check for news,67.8,up,9.7,35424305,4.55,6.73,"{'hit_rate_pct': 39.4, 'median_days': 13, 'sample_size': 132}",4.05,6.21,28.2,10.1,9174,51741.36,uptrend (price > SMA20 > SMA50); MACD bullish crossover; high volume on down move,False,,,,2026-09-22 00:00:00
INIL,167.7,HOLD,2,SHORT-TERM/TRADE,unusual volume today — check for news,48.6,sideways,3.0,28203374,157.63,177.77,"{'hit_rate_pct': 70.5, 'median_days': 9, 'sample_size': 132}",148.0,193.0,11.7,15.1,596,99949.2,MACD bullish crossover; high volume on up move,False,,,,2026-09-22 00:00:00
BML,56.99,HOLD,2,SHORT-TERM/TRADE,50-day trend has moved -4.5% over the last month; high volatility — big daily swings; unusual volume today — check for news,49.9,sideways,5.45,34227226,50.78,63.2,"{'hit_rate_pct': 36.4, 'median_days': 9, 'sample_size': 132}",42.71,68.9,25.1,20.9,1610,91753.9,MACD bullish crossover; high volume on up move,False,,,,2026-09-22 00:00:00
WAFI,169.71,HOLD,2,LONG-TERM,50-day trend has moved -6.1% over the last month; unusual volume today — check for news,48.1,sideways,3.3,20948116,158.5,180.92,"{'hit_rate_pct': 24.2, 'median_days': 7, 'sample_size': 132}",153.0,209.8,9.8,23.6,589,99959.19,MACD bullish crossover; high volume on up move,False,,,,2026-09-22 00:00:00
TREET,22.55,HOLD,2,LONG-TERM,50-day trend has moved -4.9% over the last month; unusual volume today — check for news,49.8,sideways,3.32,31038165,21.05,24.05,"{'hit_rate_pct': 49.2, 'median_days': 9, 'sample_size': 132}",20.7,26.38,8.2,17.0,4434,99986.7,MACD bullish crossover; high volume on up move,False,,,,2026-09-22 00:00:00
ADMM,60.76,HOLD,2,SHORT-TERM/TRADE,50-day trend has moved -6.5% over the last month; high volatility — big daily swings; unusual volume today — check for news,52.2,sideways,7.19,13036258,52.03,69.49,"{'hit_rate_pct': 35.6, 'median_days': 6, 'sample_size': 132}",49.02,69.7,19.3,14.7,1145,69570.2,MACD bullish crossover; high volume on up move,False,,,,2026-09-22 00:00:00
P01GHS290427,93.38,HOLD,2,EITHER,relatively low volatility; RSI at an extreme — often short-lived,95.8,up,0.1,5281635905,93.19,93.57,"{'hit_rate_pct': 97.2, 'median_days': 4, 'sample_size': 71}",89.65,93.38,4.0,0.0,1070,99916.6,uptrend (price > SMA20 > SMA50); MACD bullish crossover; RSI overbought (96),False,,,,2026-09-18 00:00:00
SYM,12.99,HOLD,1,LONG-TERM,50-day trend has moved +5.0% over the last month,59.8,up,3.41,10392839,12.1,13.88,"{'hit_rate_pct': 61.4, 'median_days': 10, 'sample_size': 132}",10.61,13.5,18.3,3.9,7698,99997.02,uptrend (price > SMA20 > SMA50); MACD bearish crossover,False,,,,2026-09-22 00:00:00
AKBL,106.04,HOLD,1,LONG-TERM,relatively low volatility,52.4,sideways,3.0,214404459,99.68,112.4,"{'hit_rate_pct': 55.3, 'median_days': 7, 'sample_size': 132}",97.56,118.5,8.0,11.8,943,99995.72,MACD bullish crossover,False,,,,2026-09-22 00:00:00
UPFL,25250.0,HOLD,1,SHORT-TERM/TRADE,high volatility — big daily swings,45.2,sideways,5.15,2727699,22648.35,27851.65,"{'hit_rate_pct': 2.3, 'median_days': 22, 'sample_size': 132}",22504.66,27735.0,10.9,9.8,3,75750.0,MACD bullish crossover,False,,,,2026-09-22 00:00:00
CPHL,75.35,HOLD,1,LONG-TERM,50-day trend has moved -3.2% over the last month; relatively low volatility,54.1,sideways,2.96,94016401,70.89,79.81,"{'hit_rate_pct': 44.7, 'median_days': 8, 'sample_size': 132}",68.81,83.2,8.7,10.4,1327,99989.45,MACD bullish crossover,False,,,,2026-09-22 00:00:00
SPAC2,14.0,HOLD,1,SHORT-TERM/TRADE,high volatility — big daily swings,57.5,sideways,6.31,2258186,12.23,15.77,"{'hit_rate_pct': 2.0, 'median_days': 4, 'sample_size': 49}",12.16,18.15,13.1,29.6,5649,79086.0,MACD bullish crossover,False,,,,2026-09-22 00:00:00
SGPL,31.7,HOLD,1,EITHER,50-day trend has moved -24.5% over the last month; high volatility — big daily swings,62.2,sideways,9.53,107125532,25.66,37.74,"{'hit_rate_pct': 62.1, 'median_days': 4, 'sample_size': 132}",25.15,129.07,20.7,307.2,1655,52463.5,MACD bullish crossover,False,,,,2026-09-22 00:00:00
SHDT,55.99,HOLD,1,EITHER,50-day trend has moved -4.8% over the last month; high volatility — big daily swings,51.2,sideways,5.53,4831310,49.8,62.18,"{'hit_rate_pct': 56.1, 'median_days': 10, 'sample_size': 132}",50.01,74.81,10.7,33.6,1615,90423.85,MACD bullish crossover,False,,,,2026-09-22 00:00:00
EFERT,191.01,HOLD,1,LONG-TERM,relatively low volatility,51.4,sideways,1.74,148494134,184.37,197.65,"{'hit_rate_pct': 34.8, 'median_days': 8, 'sample_size': 132}",180.01,200.9,5.8,5.2,523,99898.23,MACD bullish crossover,False,,,,2026-09-22 00:00:00
SINDM,30.12,HOLD,1,EITHER,50-day trend has moved +9.2% over the last month; high volatility — big daily swings,53.5,up,6.47,2949434,26.22,34.02,"{'hit_rate_pct': 68.2, 'median_days': 13, 'sample_size': 132}",21.03,32.49,30.2,7.9,2564,77227.68,uptrend (price > SMA20 > SMA50); MACD bearish crossover,False,,,,2026-09-22 00:00:00
SRR,16.81,HOLD,1,EITHER,no strong lean either way,45.0,up,3.08,2038918,15.77,17.85,"{'hit_rate_pct': 3.0, 'median_days': 13, 'sample_size': 132}",15.84,17.79,5.8,5.8,5948,99985.88,uptrend (price > SMA20 > SMA50); MACD bearish crossover,False,,,,2026-09-22 00:00:00
CHBL,10.2,HOLD,1,SHORT-TERM/TRADE,high volatility — big daily swings,59.5,sideways,7.91,6762425,8.59,11.81,"{'hit_rate_pct': 45.5, 'median_days': 11, 'sample_size': 132}",8.8,11.65,13.7,14.2,6211,63352.2,MACD bullish crossover,False,,,,2026-09-22 00:00:00
DOL,30.6,HOLD,1,LONG-TERM,relatively low volatility,61.5,sideways,2.32,3858602,29.18,32.02,"{'hit_rate_pct': 57.6, 'median_days': 10, 'sample_size': 132}",28.98,35.0,5.3,14.4,3267,99970.2,MACD bullish crossover,False,,,,2026-09-22 00:00:00
DINT,65.18,HOLD,1,EITHER,50-day trend has moved -9.2% over the last month; high volatility — big daily swings,63.6,sideways,7.24,3570951,55.74,74.62,"{'hit_rate_pct': 52.4, 'median_days': 8, 'sample_size': 126}",53.0,88.0,18.7,35.0,1059,69025.62,MACD bullish crossover,False,,,,2026-09-22 00:00:00
DIIL,74.0,HOLD,1,EITHER,50-day trend has moved +7.2% over the last month; high volatility — big daily swings,50.6,up,11.83,10634450,56.5,91.5,"{'hit_rate_pct': 35.1, 'median_days': 13, 'sample_size': 131}",54.14,93.25,26.8,26.0,571,42254.0,uptrend (price > SMA20 > SMA50); MACD bearish crossover,False,,,,2026-09-22 00:00:00
MWMP,96.51,HOLD,1,SHORT-TERM/TRADE,high volatility — big daily swings; RSI at an extreme — often short-lived; unusual volume today — check for news,82.2,up,8.65,38325776,79.82,113.2,"{'hit_rate_pct': 59.8, 'median_days': 10, 'sample_size': 132}",52.55,103.0,45.5,6.7,599,57809.49,uptrend (price > SMA20 > SMA50); MACD bullish crossover; RSI overbought (82); high volume on down move,False,,,,2026-09-22 00:00:00
THCCL,78.42,HOLD,1,EITHER,50-day trend has moved +4.8% over the last month; high volatility — big daily swings,57.9,up,5.15,577164642,70.34,86.5,"{'hit_rate_pct': 67.4, 'median_days': 11, 'sample_size': 132}",58.13,85.0,25.9,8.4,1237,97005.54,uptrend (price > SMA20 > SMA50); MACD bearish crossover,False,,,,2026-09-22 00:00:00
AGHA,6.89,HOLD,1,EITHER,50-day trend has moved -6.5% over the last month; high volatility — big daily swings,54.5,sideways,4.12,16736325,6.32,7.46,"{'hit_rate_pct': 34.8, 'median_days': 7, 'sample_size': 132}",6.26,8.44,9.1,22.5,14513,99994.57,MACD bullish crossover,False,,,,2026-09-22 00:00:00
P05FRR180929,104.76,HOLD,1,SHORT-TERM/TRADE,relatively low volatility; RSI at an extreme — often short-lived; unusual volume today — check for news,17.9,sideways,0.09,32217275310,104.57,104.95,"{'hit_rate_pct': 26.9, 'median_days': 2, 'sample_size': 52}",0.0,108.81,100.0,3.9,954,99941.04,RSI oversold (18); high volume on up move; MACD bearish crossover,False,,,,2026-09-22 00:00:00
YOUW,5.09,HOLD,1,EITHER,50-day trend has moved -6.1% over the last month; high volatility — big daily swings,50.6,sideways,5.07,5800443,4.57,5.61,"{'hit_rate_pct': 28.0, 'median_days': 5, 'sample_size': 132}",4.52,6.11,11.2,20.0,19230,97880.7,MACD bullish crossover,False,,,,2026-09-22 00:00:00
ZAL,39.07,HOLD,1,EITHER,50-day trend has moved -5.5% over the last month; high volatility — big daily swings,51.7,sideways,3.67,11839825,36.2,41.94,"{'hit_rate_pct': 43.2, 'median_days': 5, 'sample_size': 132}",36.5,46.74,6.6,19.6,2559,99980.13,MACD bullish crossover,False,,,,2026-09-22 00:00:00
NRL,525.16,HOLD,1,EITHER,50-day trend has moved +13.0% over the last month; high volatility — big daily swings,50.2,up,4.71,1694423762,475.67,574.65,"{'hit_rate_pct': 67.4, 'median_days': 10, 'sample_size': 132}",357.5,580.98,31.9,10.6,190,99780.4,uptrend (price > SMA20 > SMA50); MACD bearish crossover,False,,,,2026-09-22 00:00:00
ASL,16.85,HOLD,1,EITHER,50-day trend has moved +8.3% over the last month; high volatility — big daily swings,65.6,up,7.0,170515732,14.49,19.21,"{'hit_rate_pct': 52.3, 'median_days': 15, 'sample_size': 132}",12.02,18.4,28.7,9.2,4237,71393.45,uptrend (price > SMA20 > SMA50); MACD bearish crossover,False,,,,2026-09-22 00:00:00
ASTL,19.32,HOLD,1,SHORT-TERM/TRADE,high volatility — big daily swings; RSI at an extreme — often short-lived; unusual volume today — check for news,85.2,sideways,4.59,47012701,17.55,21.09,"{'hit_rate_pct': 40.9, 'median_days': 11, 'sample_size': 132}",14.1,19.32,27.0,0.0,5175,99981.0,MACD bullish crossover; high volume on up move; RSI overbought (85),False,,,,2026-09-22 00:00:00
BAFL,56.98,HOLD,1,LONG-TERM,relatively low volatility,53.5,sideways,2.0,144322950,54.7,59.26,"{'hit_rate_pct': 47.7, 'median_days': 7, 'sample_size': 132}",53.95,63.45,5.3,11.4,1755,99999.9,MACD bullish crossover,False,,,,2026-09-22 00:00:00
BCL,74.38,HOLD,1,SHORT-TERM/TRADE,high volatility — big daily swings,39.2,up,8.2,14215270,62.18,86.58,"{'hit_rate_pct': 53.8, 'median_days': 15, 'sample_size': 132}",63.03,93.02,15.3,25.1,819,60917.22,uptrend (price > SMA20 > SMA50); MACD bearish crossover,False,,,,2026-09-22 00:00:00
LSECL,6.11,HOLD,1,SHORT-TERM/TRADE,high volatility — big daily swings,53.4,sideways,6.15,9895657,5.36,6.86,"{'hit_rate_pct': 28.0, 'median_days': 14, 'sample_size': 132}",5.1,8.07,16.5,32.1,13333,81464.63,MACD bullish crossover,False,,,,2026-09-22 00:00:00
LSEVL,14.62,HOLD,1,SHORT-TERM/TRADE,50-day trend has moved +3.3% over the last month; high volatility — big daily swings; RSI at an extreme — often short-lived; unusual volume today — check for news,73.1,sideways,5.64,11550048,12.97,16.27,"{'hit_rate_pct': 72.0, 'median_days': 11, 'sample_size': 132}",10.15,15.25,30.6,4.3,6060,88597.2,MACD bullish crossover; high volume on up move; RSI overbought (73),False,,,,2026-09-22 00:00:00
PNSC,550.84,HOLD,1,EITHER,50-day trend has moved -6.2% over the last month; RSI at an extreme — often short-lived; unusual volume today — check for news,72.2,sideways,3.19,11242571,515.74,585.94,"{'hit_rate_pct': 60.6, 'median_days': 8, 'sample_size': 132}",490.0,677.0,11.0,22.9,181,99702.04,MACD bullish crossover; high volume on up move; RSI overbought (72),False,,,,2026-09-22 00:00:00
PKGI,45.84,HOLD,1,EITHER,50-day trend has moved +43.9% over the last month; high volatility — big daily swings,59.8,up,13.49,6386141,33.47,58.21,"{'hit_rate_pct': 41.7, 'median_days': 10, 'sample_size': 132}",17.01,55.0,62.9,20.0,808,37038.72,uptrend (price > SMA20 > SMA50); MACD bearish crossover,False,,,,2026-09-22 00:00:00
PAKOXY,336.99,HOLD,1,LONG-TERM,50-day trend has moved +5.7% over the last month; relatively low volatility,50.2,up,2.78,9350609,318.25,355.73,"{'hit_rate_pct': 71.2, 'median_days': 13, 'sample_size': 132}",278.0,350.0,17.5,3.9,296,99749.04,uptrend (price > SMA20 > SMA50); MACD bearish crossover,False,,,,2026-09-22 00:00:00
PASL,2.6,HOLD,1,EITHER,50-day trend has moved -3.5% over the last month; high volatility — big daily swings,63.9,sideways,7.23,5008812,2.22,2.98,"{'hit_rate_pct': 35.6, 'median_days': 11, 'sample_size': 132}",2.31,3.02,11.2,16.2,26315,68419.0,MACD bullish crossover,False,,,,2026-09-22 00:00:00
MDTL,8.67,HOLD,1,SHORT-TERM/TRADE,50-day trend has moved +6.0% over the last month; high volatility — big daily swings; RSI at an extreme — often short-lived; unusual volume today — check for news,72.7,up,10.83,234139246,6.79,10.55,"{'hit_rate_pct': 35.6, 'median_days': 14, 'sample_size': 132}",5.05,9.87,41.8,13.8,5319,46115.73,uptrend (price > SMA20 > SMA50); MACD bullish crossover; RSI overbought (73); high volume on down move,False,,,,2026-09-22 00:00:00
MEHT,141.86,HOLD,1,EITHER,50-day trend has moved -18.7% over the last month; high volatility — big daily swings,53.3,sideways,4.29,9404951,129.7,154.02,"{'hit_rate_pct': 21.2, 'median_days': 6, 'sample_size': 132}",130.11,256.81,8.3,81.0,704,99869.44,MACD bullish crossover,False,,,,2026-09-22 00:00:00
MFL,45.07,HOLD,1,EITHER,50-day trend has moved -4.0% over the last month; high volatility — big daily swings,65.4,sideways,5.73,39793157,39.91,50.23,"{'hit_rate_pct': 29.5, 'median_days': 9, 'sample_size': 132}",37.25,48.4,17.4,7.4,1937,87300.59,MACD bullish crossover,False,,,,2026-09-22 00:00:00
MSOT,185.35,HOLD,1,EITHER,50-day trend has moved +23.8% over the last month; high volatility — big daily swings,61.4,up,6.76,41236346,160.3,210.4,"{'hit_rate_pct': 90.2, 'median_days': 8, 'sample_size': 132}",95.99,205.0,48.2,10.6,399,73954.65,uptrend (price > SMA20 > SMA50); MACD bearish crossover,False,,,,2026-09-22 00:00:00
MACFL,70.55,HOLD,1,EITHER,50-day trend has moved -4.1% over the last month; high volatility — big daily swings,62.5,sideways,6.46,159062402,61.44,79.66,"{'hit_rate_pct': 78.8, 'median_days': 9, 'sample_size': 132}",54.01,99.99,23.4,41.7,1097,77393.35,MACD bullish crossover,False,,,,2026-09-22 00:00:00
LEUL,78.95,HOLD,1,EITHER,50-day trend has moved +20.5% over the last month; high volatility — big daily swings,59.2,up,12.4,21520923,59.37,98.53,"{'hit_rate_pct': 50.0, 'median_days': 14, 'sample_size': 132}",39.0,98.24,50.6,24.4,510,40264.5,uptrend (price > SMA20 > SMA50); MACD bearish crossover,False,,,,2026-09-22 00:00:00
JSML,54.88,HOLD,1,EITHER,50-day trend has moved -10.1% over the last month; high volatility — big daily swings,48.1,sideways,6.64,2014817,47.59,62.17,"{'hit_rate_pct': 36.4, 'median_days': 5, 'sample_size': 132}",46.0,74.0,16.2,34.8,1371,75240.48,MACD bullish crossover,False,,,,2026-09-22 00:00:00
JVDC,145.28,HOLD,1,EITHER,no strong lean either way,55.5,sideways,3.29,70188217,135.71,154.85,"{'hit_rate_pct': 56.1, 'median_days': 8, 'sample_size': 132}",130.5,163.9,10.2,12.8,688,99952.64,MACD bullish crossover,False,,,,2026-09-22 00:00:00
IBLHL,45.23,HOLD,1,EITHER,50-day trend has moved -7.5% over the last month; high volatility — big daily swings,48.4,sideways,4.25,3431104,41.38,49.08,"{'hit_rate_pct': 46.2, 'median_days': 8, 'sample_size': 132}",40.1,60.4,11.3,33.5,2210,99958.3,MACD bullish crossover,False,,,,2026-09-22 00:00:00
ITTEFAQ,8.24,HOLD,1,EITHER,50-day trend has moved -3.1% over the last month; high volatility — big daily swings,49.2,sideways,4.36,2818900,7.52,8.96,"{'hit_rate_pct': 48.5, 'median_days': 8, 'sample_size': 132}",7.25,10.54,12.0,27.9,12135,99992.4,MACD bullish crossover,False,,,,2026-09-22 00:00:00
KTML,42.67,HOLD,1,EITHER,50-day trend has moved -8.8% over the last month; high volatility — big daily swings,49.6,sideways,4.55,20333261,38.79,46.55,"{'hit_rate_pct': 42.4, 'median_days': 8, 'sample_size': 132}",38.5,59.95,9.8,40.5,2343,99975.81,MACD bullish crossover,False,,,,2026-09-22 00:00:00
INKL,102.12,HOLD,1,SHORT-TERM/TRADE,high volatility — big daily swings,55.5,up,7.04,7485102,87.73,116.51,"{'hit_rate_pct': 38.6, 'median_days': 14, 'sample_size': 127}",83.8,110.99,17.9,8.7,694,70871.28,uptrend (price > SMA20 > SMA50); MACD bearish crossover,False,,,,2026-09-22 00:00:00
GLAXO,322.57,HOLD,1,LONG-TERM,50-day trend has moved -5.6% over the last month; relatively low volatility,46.8,sideways,2.28,79289561,307.86,337.28,"{'hit_rate_pct': 47.0, 'median_days': 5, 'sample_size': 132}",299.8,393.0,7.1,21.8,310,99996.7,MACD bullish crossover,False,,,,2026-09-22 00:00:00
RPL,15.77,HOLD,1,EITHER,50-day trend has moved -3.4% over the last month; high volatility — big daily swings,50.3,sideways,4.84,5437012,14.24,17.3,"{'hit_rate_pct': 53.8, 'median_days': 13, 'sample_size': 132}",14.59,19.85,7.5,25.9,6341,99997.57,MACD bullish crossover,False,,,,2026-09-22 00:00:00
PSYL,143.03,HOLD,1,SHORT-TERM/TRADE,high volatility — big daily swings,62.4,sideways,9.31,4578933,116.39,169.67,"{'hit_rate_pct': 61.7, 'median_days': 11, 'sample_size': 120}",115.0,160.0,19.6,11.9,375,53636.25,MACD bullish crossover,False,,,,2026-09-22 00:00:00
POWER,22.53,HOLD,1,SHORT-TERM/TRADE,high volatility — big daily swings,54.0,up,3.61,27399439,20.9,24.16,"{'hit_rate_pct': 63.6, 'median_days': 9, 'sample_size': 132}",19.51,24.45,13.4,8.5,4438,99988.14,uptrend (price > SMA20 > SMA50); MACD bearish crossover,False,,,,2026-09-22 00:00:00
JATM,39.11,HOLD,1,EITHER,50-day trend has moved +4.8% over the last month; high volatility — big daily swings,49.7,sideways,8.51,2365507,32.45,45.77,"{'hit_rate_pct': 77.9, 'median_days': 7, 'sample_size': 131}",31.35,75.72,19.8,93.6,1501,58704.11,MACD bullish crossover,False,,,,2026-09-22 00:00:00
HINOON,947.96,HOLD,1,LONG-TERM,relatively low volatility,59.3,sideways,2.04,14205094,909.23,986.69,"{'hit_rate_pct': 52.3, 'median_days': 8, 'sample_size': 132}",904.01,1075.0,4.6,13.4,105,99535.8,MACD bullish crossover,False,,,,2026-09-22 00:00:00
HUMNL,10.1,HOLD,1,EITHER,50-day trend has moved -4.2% over the last month; high volatility — big daily swings,52.7,sideways,4.32,20270516,9.23,10.97,"{'hit_rate_pct': 9.1, 'median_days': 15, 'sample_size': 132}",9.2,11.62,8.9,15.0,9900,99990.0,MACD bullish crossover,False,,,,2026-09-22 00:00:00
HTL,38.9,HOLD,1,EITHER,50-day trend has moved -5.4% over the last month; high volatility — big daily swings,46.7,sideways,4.41,6874897,35.47,42.33,"{'hit_rate_pct': 35.6, 'median_days': 14, 'sample_size': 132}",34.11,48.39,12.3,24.4,2570,99973.0,MACD bullish crossover,False,,,,2026-09-22 00:00:00
FPRM,12.01,HOLD,1,EITHER,50-day trend has moved -9.0% over the last month; high volatility — big daily swings,58.8,sideways,6.48,2016745,10.45,13.57,"{'hit_rate_pct': 55.2, 'median_days': 13, 'sample_size': 125}",9.31,16.5,22.5,37.4,6410,76984.1,MACD bullish crossover,False,,,,2026-09-22 00:00:00
FNEL,1.2,HOLD,1,EITHER,50-day trend has moved -3.7% over the last month; high volatility — big daily swings,53.7,sideways,5.48,29320770,1.07,1.33,"{'hit_rate_pct': 31.8, 'median_days': 5, 'sample_size': 132}",1.06,1.37,11.7,14.2,76923,92307.6,MACD bullish crossover,False,,,,2026-09-22 00:00:00
GDL,17.66,HOLD,1,EITHER,50-day trend has moved -6.2% over the last month; high volatility — big daily swings,61.5,sideways,4.47,17776800,16.08,19.24,"{'hit_rate_pct': 25.0, 'median_days': 11, 'sample_size': 132}",16.01,20.85,9.3,18.1,5662,99990.92,MACD bullish crossover,False,,,,2026-09-22 00:00:00
EPCL,33.89,HOLD,1,EITHER,no strong lean either way,40.1,sideways,3.26,28487830,31.68,36.1,"{'hit_rate_pct': 39.4, 'median_days': 9, 'sample_size': 132}",32.0,37.0,5.6,9.2,2950,99975.5,MACD bullish crossover,False,,,,2026-09-22 00:00:00
EPCLPS,13.6,HOLD,1,EITHER,50-day trend has moved +3.7% over the last month; high volatility — big daily swings,54.0,up,4.8,9938345,12.29,14.91,"{'hit_rate_pct': 27.6, 'median_days': 16, 'sample_size': 127}",11.8,14.29,13.2,5.1,7352,99987.2,uptrend (price > SMA20 > SMA50); MACD bearish crossover,False,,,,2026-09-22 00:00:00
FCCL,54.06,HOLD,1,LONG-TERM,relatively low volatility,53.2,sideways,2.78,207727967,51.06,57.06,"{'hit_rate_pct': 56.8, 'median_days': 6, 'sample_size': 132}",50.5,59.95,6.6,10.9,1849,99956.94,MACD bullish crossover,False,,,,2026-09-22 00:00:00
FCL,27.47,HOLD,1,LONG-TERM,50-day trend has moved +4.3% over the last month; relatively low volatility,58.6,up,2.52,77022777,26.09,28.85,"{'hit_rate_pct': 70.5, 'median_days': 9, 'sample_size': 132}",23.01,29.75,16.2,8.3,3640,99990.8,uptrend (price > SMA20 > SMA50); MACD bearish crossover,False,,,,2026-09-22 00:00:00
FDPL,4.75,HOLD,1,EITHER,50-day trend has moved -3.3% over the last month; high volatility — big daily swings,56.6,sideways,6.57,3175160,4.13,5.37,"{'hit_rate_pct': 40.9, 'median_days': 13, 'sample_size': 132}",4.41,5.84,7.2,22.9,16129,76612.75,MACD bullish crossover,False,,,,2026-09-22 00:00:00
ATRL,1122.99,HOLD,1,EITHER,50-day trend has moved +9.1% over the last month; high volatility — big daily swings,40.5,up,4.06,925733562,1031.78,1214.2,"{'hit_rate_pct': 58.3, 'median_days': 11, 'sample_size': 132}",831.0,1232.0,26.0,9.7,89,99946.11,uptrend (price > SMA20 > SMA50); MACD bearish crossover,False,,,,2026-09-22 00:00:00
LUCK,423.79,HOLD,1,LONG-TERM,50-day trend has moved -3.9% over the last month; relatively low volatility,47.3,sideways,2.32,445326803,404.14,443.44,"{'hit_rate_pct': 48.5, 'median_days': 5, 'sample_size': 132}",398.51,490.8,6.0,15.8,235,99590.65,MACD bullish crossover,False,,,,2026-09-22 00:00:00
MCB,396.34,HOLD,1,LONG-TERM,relatively low volatility,48.3,sideways,1.66,108248189,383.16,409.52,"{'hit_rate_pct': 55.3, 'median_days': 7, 'sample_size': 132}",384.0,435.0,3.1,9.8,252,99877.68,MACD bullish crossover,False,,,,2026-09-22 00:00:00
NICL,267.0,HOLD,1,LONG-TERM,50-day trend has moved +6.3% over the last month,49.0,up,3.46,141154279,248.52,285.48,"{'hit_rate_pct': 78.8, 'median_days': 10, 'sample_size': 132}",214.99,281.0,19.5,5.2,374,99858.0,uptrend (price > SMA20 > SMA50); MACD bearish crossover,False,,,,2026-09-22 00:00:00
NCPL,57.5,HOLD,1,EITHER,50-day trend has moved -4.7% over the last month; high volatility — big daily swings,51.9,sideways,3.85,206057655,53.08,61.92,"{'hit_rate_pct': 34.8, 'median_days': 6, 'sample_size': 132}",53.32,65.5,7.3,13.9,1739,99992.5,MACD bullish crossover,False,,,,2026-09-22 00:00:00
MTL,297.99,HOLD,1,LONG-TERM,50-day trend has moved -10.7% over the last month; relatively low volatility,44.3,sideways,2.33,69398388,284.08,311.9,"{'hit_rate_pct': 59.8, 'median_days': 12, 'sample_size': 132}",279.0,318.9,6.4,7.0,335,99826.65,MACD bullish crossover,False,,,,2026-09-22 00:00:00
TPL,22.04,HOLD,0,SHORT-TERM/TRADE,50-day trend has moved +13.0% over the last month; high volatility — big daily swings; RSI at an extreme — often short-lived,34.1,sideways,4.01,120278126,20.27,23.81,"{'hit_rate_pct': 85.6, 'median_days': 6, 'sample_size': 132}",14.9,24.8,32.4,12.5,4537,99995.48,RSI oversold (34); MACD bearish crossover,False,,,,2026-09-22 00:00:00
ACPL,229.0,HOLD,0,EITHER,relatively low volatility; RSI at an extreme — often short-lived,28.1,sideways,1.97,14813740,219.96,238.04,"{'hit_rate_pct': 43.9, 'median_days': 7, 'sample_size': 132}",215.0,239.88,6.1,4.8,436,99844.0,RSI oversold (28); MACD bearish crossover,False,,,,2026-09-22 00:00:00
DCR,39.59,HOLD,0,EITHER,relatively low volatility; RSI at an extreme — often short-lived,30.7,sideways,1.46,18797783,38.43,40.75,"{'hit_rate_pct': 62.1, 'median_days': 11, 'sample_size': 132}",36.52,41.98,7.8,6.0,2525,99964.75,RSI oversold (31); MACD bearish crossover,False,,,,2026-09-22 00:00:00
SNBL,19.92,HOLD,0,LONG-TERM,50-day trend has moved -4.2% over the last month; relatively low volatility; unusual volume today — check for news,38.2,down,2.75,9947418,18.82,21.02,"{'hit_rate_pct': 55.3, 'median_days': 10, 'sample_size': 132}",19.25,25.87,3.4,29.9,5020,99998.4,MACD bullish crossover; high volume on up move; downtrend (price < SMA20 < SMA50),False,,,,2026-09-22 00:00:00
BNL,5.83,HOLD,0,LONG-TERM,50-day trend has moved -6.5% over the last month; RSI at an extreme — often short-lived,33.7,down,3.38,5812906,5.44,6.22,"{'hit_rate_pct': 36.4, 'median_days': 8, 'sample_size': 132}",5.5,7.29,5.7,25.0,17152,99996.16,RSI oversold (34); MACD bullish crossover; downtrend (price < SMA20 < SMA50),False,,,,2026-09-22 00:00:00
DBCI,10.71,HOLD,0,SHORT-TERM/TRADE,50-day trend has moved +9.6% over the last month; high volatility — big daily swings; RSI at an extreme — often short-lived,24.6,down,6.16,5012511,9.39,12.03,"{'hit_rate_pct': 69.7, 'median_days': 7, 'sample_size': 132}",7.32,27.71,31.7,158.7,7575,81128.25,RSI oversold (25); MACD bullish crossover; downtrend (price < SMA20 < SMA50),True,"Down 26.6% below its 50-day average with RSI at 25 (deeply oversold) — a classic bounce-watch setup, but the trend is still down. This is a contrarian bet on reversal, not a confirmed buy — the price could keep falling instead.",10.05,11.43,2026-09-22 00:00:00
CNERGY,13.2,HOLD,0,SHORT-TERM/TRADE,50-day trend has moved +18.5% over the last month; high volatility — big daily swings; RSI at an extreme — often short-lived,31.8,sideways,4.83,1310806180,11.93,14.47,"{'hit_rate_pct': 68.9, 'median_days': 9, 'sample_size': 132}",8.05,15.75,39.0,19.3,7575,99990.0,RSI oversold (32); MACD bearish crossover,False,,,,2026-09-22 00:00:00
NRSL,38.02,HOLD,0,SHORT-TERM/TRADE,50-day trend has moved +4.4% over the last month; high volatility — big daily swings; RSI at an extreme — often short-lived,29.6,sideways,7.89,69712166,32.02,44.02,"{'hit_rate_pct': 41.7, 'median_days': 12, 'sample_size': 132}",32.0,48.88,15.8,28.6,1666,63341.32,RSI oversold (30); MACD bearish crossover,False,,,,2026-09-22 00:00:00
P03FRR220129,95.25,HOLD,0,EITHER,relatively low volatility; RSI at an extreme — often short-lived,11.3,sideways,0.05,85223102,95.16,95.34,"{'hit_rate_pct': 51.2, 'median_days': 10, 'sample_size': 84}",0.0,97.0,100.0,1.8,1049,99917.25,RSI oversold (11); MACD bearish crossover,False,,,,2026-09-18 00:00:00
CSAP,93.85,HOLD,0,LONG-TERM,50-day trend has moved -5.6% over the last month; unusual volume today — check for news,38.8,down,3.22,25503714,87.8,99.9,"{'hit_rate_pct': 45.5, 'median_days': 7, 'sample_size': 132}",86.11,115.73,8.2,23.3,1065,99950.25,MACD bullish crossover; high volume on up move; downtrend (price < SMA20 < SMA50),False,,,,2026-09-22 00:00:00
P01GHS150427,93.67,HOLD,0,EITHER,relatively low volatility; RSI at an extreme — often short-lived,73.5,up,0.05,17871932347,93.57,93.77,"{'hit_rate_pct': 94.7, 'median_days': 2, 'sample_size': 94}",90.72,93.78,3.1,0.1,1067,99945.89,uptrend (price > SMA20 > SMA50); RSI overbought (74); MACD bearish crossover,False,,,,2026-09-22 00:00:00
P01GHS230627,91.9,HOLD,0,EITHER,relatively low volatility; RSI at an extreme — often short-lived,79.4,up,0.12,27993953420,91.68,92.12,"{'hit_rate_pct': 81.1, 'median_days': 7, 'sample_size': 53}",0.0,91.9,100.0,0.0,1088,99987.2,uptrend (price > SMA20 > SMA50); RSI overbought (79); MACD bearish crossover,False,,,,2026-09-22 00:00:00
TBL,9.14,HOLD,0,LONG-TERM,50-day trend has moved -5.8% over the last month; RSI at an extreme — often short-lived,33.3,down,3.4,8810848,8.52,9.76,"{'hit_rate_pct': 40.2, 'median_days': 8, 'sample_size': 132}",8.61,10.97,5.8,20.0,10940,99991.6,RSI oversold (33); MACD bullish crossover; downtrend (price < SMA20 < SMA50),False,,,,2026-09-22 00:00:00
BAHL,152.04,HOLD,0,LONG-TERM,50-day trend has moved -3.6% over the last month; relatively low volatility; RSI at an extreme — often short-lived,32.3,down,2.28,99017595,145.11,158.97,"{'hit_rate_pct': 39.4, 'median_days': 6, 'sample_size': 132}",149.51,186.6,1.7,22.7,657,99890.28,RSI oversold (32); MACD bullish crossover; downtrend (price < SMA20 < SMA50),False,,,,2026-09-22 00:00:00
OLPL,50.99,HOLD,0,SHORT-TERM/TRADE,RSI at an extreme — often short-lived,76.7,sideways,3.2,4154108,47.73,54.25,"{'hit_rate_pct': 10.8, 'median_days': 11, 'sample_size': 130}",44.04,51.89,13.6,1.8,1961,99991.39,MACD bullish crossover; RSI overbought (77),False,,,,2026-09-22 00:00:00
BERG,122.06,HOLD,0,SHORT-TERM/TRADE,50-day trend has moved +6.9% over the last month; high volatility — big daily swings; RSI at an extreme — often short-lived,25.9,sideways,7.46,154470486,103.86,140.26,"{'hit_rate_pct': 50.0, 'median_days': 12, 'sample_size': 132}",96.1,174.1,21.3,42.6,549,67010.94,RSI oversold (26); MACD bearish crossover,False,,,,2026-09-22 00:00:00
ATBA,164.31,HOLD,0,LONG-TERM,50-day trend has moved -8.5% over the last month; relatively low volatility; RSI at an extreme — often short-lived,17.6,down,2.73,2294297,155.34,173.28,"{'hit_rate_pct': 22.0, 'median_days': 6, 'sample_size': 132}",162.0,223.78,1.4,36.2,608,99900.48,RSI oversold (18); MACD bullish crossover; downtrend (price < SMA20 < SMA50),True,"Down 14.6% below its 50-day average with RSI at 18 (deeply oversold) — a classic bounce-watch setup, but the trend is still down. This is a contrarian bet on reversal, not a confirmed buy — the price could keep falling instead.",159.82,173.36,2026-09-22 00:00:00
SEARL,82.65,HOLD,0,LONG-TERM,50-day trend has moved -5.4% over the last month; relatively low volatility; unusual volume today — check for news,45.4,down,2.65,144914463,78.27,87.03,"{'hit_rate_pct': 43.9, 'median_days': 6, 'sample_size': 132}",76.62,101.25,7.3,22.5,1209,99923.85,MACD bullish crossover; high volume on up move; downtrend (price < SMA20 < SMA50),False,,,,2026-09-22 00:00:00
SEPL,136.58,HOLD,0,EITHER,relatively low volatility; RSI at an extreme — often short-lived,4.7,sideways,2.3,3532583,130.3,142.86,"{'hit_rate_pct': 53.0, 'median_days': 10, 'sample_size': 132}",135.51,163.0,0.8,19.3,732,99976.56,RSI oversold (5); MACD bearish crossover,False,,,,2026-09-22 00:00:00
PRL,87.33,HOLD,0,SHORT-TERM/TRADE,50-day trend has moved +38.6% over the last month; high volatility — big daily swings; RSI at an extreme — often short-lived,28.4,sideways,7.29,3049988801,74.61,100.05,"{'hit_rate_pct': 62.9, 'median_days': 7, 'sample_size': 132}",34.86,108.8,60.1,24.6,786,68641.38,RSI oversold (28); MACD bearish crossover,False,,,,2026-09-22 00:00:00
JLICL,107.75,HOLD,0,LONG-TERM,50-day trend has moved -14.2% over the last month; relatively low volatility; RSI at an extreme — often short-lived,28.6,down,2.48,5315981,102.41,113.09,"{'hit_rate_pct': 41.2, 'median_days': 8, 'sample_size': 131}",104.51,219.99,3.0,104.2,928,99992.0,RSI oversold (29); MACD bullish crossover; downtrend (price < SMA20 < SMA50),True,"Down 28.5% below its 50-day average with RSI at 29 (deeply oversold) — a classic bounce-watch setup, but the trend is still down. This is a contrarian bet on reversal, not a confirmed buy — the price could keep falling instead.",105.08,113.45,2026-09-22 00:00:00
GADT,292.86,HOLD,0,EITHER,relatively low volatility; RSI at an extreme — often short-lived,17.3,sideways,2.69,3158397,277.13,308.59,"{'hit_rate_pct': 72.0, 'median_days': 7, 'sample_size': 132}",265.1,374.0,9.5,27.7,341,99865.26,RSI oversold (17); MACD bearish crossover,False,,,,2026-09-22 00:00:00
GHGL,40.29,HOLD,0,SHORT-TERM/TRADE,unusual volume today — check for news,41.3,sideways,3.38,21646913,37.56,43.02,"{'hit_rate_pct': 51.5, 'median_days': 9, 'sample_size': 132}",36.9,45.1,8.4,11.9,2482,99999.78,high volume on up move; MACD bearish crossover,False,,,,2026-09-22 00:00:00
EFUG,126.13,HOLD,0,SHORT-TERM/TRADE,high volatility — big daily swings; unusual volume today — check for news,48.8,sideways,7.35,3180689,107.6,144.66,"{'hit_rate_pct': 0.0, 'median_days': None, 'sample_size': 132}",115.1,141.89,8.7,12.5,539,67984.07,high volume on up move; MACD bearish crossover,False,,,,2026-09-22 00:00:00
AGIL,148.71,HOLD,0,SHORT-TERM/TRADE,high volatility — big daily swings; RSI at an extreme — often short-lived,23.0,sideways,3.6,14304646,138.02,159.4,"{'hit_rate_pct': 45.5, 'median_days': 12, 'sample_size': 132}",144.4,176.97,2.9,19.0,672,99933.12,RSI oversold (23); MACD bearish crossover,False,,,,2026-09-22 00:00:00
DAAG,87.5,HOLD,0,SHORT-TERM/TRADE,high volatility — big daily swings; RSI at an extreme — often short-lived,23.2,sideways,11.11,3099544,68.05,106.95,"{'hit_rate_pct': 48.5, 'median_days': 15, 'sample_size': 132}",72.96,121.0,16.6,38.3,514,44975.0,RSI oversold (23); MACD bearish crossover,False,,,,2026-09-22 00:00:00
SYS,121.2,HOLD,0,LONG-TERM,50-day trend has moved -6.8% over the last month; relatively low volatility; RSI at an extreme — often short-lived,25.9,down,2.1,215975440,116.12,126.28,"{'hit_rate_pct': 31.8, 'median_days': 4, 'sample_size': 132}",118.51,150.85,2.2,24.5,825,99990.0,RSI oversold (26); MACD bullish crossover; downtrend (price < SMA20 < SMA50),True,"Down 6.9% below its 50-day average with RSI at 26 (deeply oversold) — a classic bounce-watch setup, but the trend is still down. This is a contrarian bet on reversal, not a confirmed buy — the price could keep falling instead.",118.66,124.39,2026-09-22 00:00:00
AHCL,15.79,HOLD,0,SHORT-TERM/TRADE,unusual volume today — check for news,49.1,sideways,3.05,18808522,14.83,16.75,"{'hit_rate_pct': 55.3, 'median_days': 8, 'sample_size': 132}",14.22,16.94,9.9,7.3,6333,99998.07,high volume on up move; MACD bearish crossover,False,,,,2026-09-22 00:00:00
UNITY,8.21,HOLD,0,SHORT-TERM/TRADE,50-day trend has moved -7.9% over the last month; high volatility — big daily swings; RSI at an extreme — often short-lived,20.7,down,3.98,62852555,7.56,8.86,"{'hit_rate_pct': 44.7, 'median_days': 11, 'sample_size': 132}",7.9,12.62,3.8,53.7,12180,99997.8,RSI oversold (21); MACD bullish crossover; downtrend (price < SMA20 < SMA50),True,"Down 17.1% below its 50-day average with RSI at 21 (deeply oversold) — a classic bounce-watch setup, but the trend is still down. This is a contrarian bet on reversal, not a confirmed buy — the price could keep falling instead.",7.88,8.85,2026-09-22 00:00:00
BFAGRO,30.85,HOLD,0,SHORT-TERM/TRADE,50-day trend has moved -5.0% over the last month; high volatility — big daily swings; RSI at an extreme — often short-lived,34.3,down,3.51,3460266,28.68,33.02,"{'hit_rate_pct': 43.9, 'median_days': 10, 'sample_size': 132}",28.1,39.24,8.9,27.2,3241,99984.85,RSI oversold (34); MACD bullish crossover; downtrend (price < SMA20 < SMA50),False,,,,2026-09-22 00:00:00
AHL,113.56,HOLD,0,SHORT-TERM/TRADE,50-day trend has moved +4.6% over the last month; high volatility — big daily swings; RSI at an extreme — often short-lived,17.4,sideways,4.94,16530019,102.35,124.77,"{'hit_rate_pct': 53.8, 'median_days': 21, 'sample_size': 132}",108.12,139.99,4.8,23.3,880,99932.8,RSI oversold (17); MACD bearish crossover,False,,,,2026-09-22 00:00:00
AGP,152.98,HOLD,0,LONG-TERM,50-day trend has moved -9.2% over the last month; relatively low volatility; RSI at an extreme — often short-lived,22.3,down,2.26,50042545,146.07,159.89,"{'hit_rate_pct': 45.5, 'median_days': 6, 'sample_size': 132}",150.0,218.7,1.9,43.0,653,99895.94,RSI oversold (22); MACD bullish crossover; downtrend (price < SMA20 < SMA50),True,"Down 14.2% below its 50-day average with RSI at 22 (deeply oversold) — a classic bounce-watch setup, but the trend is still down. This is a contrarian bet on reversal, not a confirmed buy — the price could keep falling instead.",149.53,159.76,2026-09-22 00:00:00
SSOM,454.08,HOLD,0,SHORT-TERM/TRADE,high volatility — big daily swings; unusual volume today — check for news,54.4,sideways,5.38,10414547,405.21,502.95,"{'hit_rate_pct': 33.3, 'median_days': 12, 'sample_size': 132}",372.36,495.9,18.0,9.2,204,92632.32,MACD bullish crossover; high volume on down move,False,,,,2026-09-22 00:00:00
JSMFETF,10.58,HOLD,0,SHORT-TERM/TRADE,RSI at an extreme — often short-lived,30.2,sideways,3.09,11039420,9.93,11.23,"{'hit_rate_pct': 51.5, 'median_days': 8, 'sample_size': 132}",9.19,11.97,13.1,13.1,9451,99991.58,RSI oversold (30); MACD bearish crossover,False,,,,2026-09-22 00:00:00
KML,8.48,HOLD,0,SHORT-TERM/TRADE,50-day trend has moved -6.0% over the last month; high volatility — big daily swings; RSI at an extreme — often short-lived,29.1,down,4.49,2199290,7.72,9.24,"{'hit_rate_pct': 64.4, 'median_days': 10, 'sample_size': 132}",8.01,11.9,5.5,40.3,11792,99996.16,RSI oversold (29); MACD bullish crossover; downtrend (price < SMA20 < SMA50),True,"Down 9.2% below its 50-day average with RSI at 29 (deeply oversold) — a classic bounce-watch setup, but the trend is still down. This is a contrarian bet on reversal, not a confirmed buy — the price could keep falling instead.",8.1,8.76,2026-09-22 00:00:00
FCEPL,136.23,HOLD,0,SHORT-TERM/TRADE,50-day trend has moved +11.2% over the last month; high volatility — big daily swings; RSI at an extreme — often short-lived,32.1,sideways,3.99,226939605,125.35,147.11,"{'hit_rate_pct': 66.7, 'median_days': 7, 'sample_size': 132}",98.5,158.5,27.7,16.3,734,99992.82,RSI oversold (32); MACD bearish crossover,False,,,,2026-09-22 00:00:00
ECOP,50.26,HOLD,-1,EITHER,50-day trend has moved -3.6% over the last month; high volatility — big daily swings,54.3,sideways,6.18,14454653,44.05,56.47,"{'hit_rate_pct': 61.4, 'median_days': 14, 'sample_size': 132}",47.02,61.38,6.4,22.1,1610,80918.6,MACD bearish crossover,False,,,,2026-09-22 00:00:00
BUXL,619.46,HOLD,-1,SHORT-TERM/TRADE,50-day trend has moved +95.7% over the last month; high volatility — big daily swings; RSI at an extreme — often short-lived; unusual volume today — check for news,31.5,sideways,17.98,78769796,396.74,842.18,"{'hit_rate_pct': 53.1, 'median_days': 12, 'sample_size': 130}",160.01,1196.86,74.2,93.2,44,27256.24,RSI oversold (32); MACD bearish crossover; high volume on down move,False,,,,2026-09-22 00:00:00
SPEL,42.65,HOLD,-1,LONG-TERM,50-day trend has moved -8.0% over the last month,40.6,down,3.05,8582095,40.04,45.26,"{'hit_rate_pct': 60.6, 'median_days': 7, 'sample_size': 132}",40.22,59.25,5.7,38.9,2344,99971.6,MACD bullish crossover; downtrend (price < SMA20 < SMA50),False,,,,2026-09-22 00:00:00
DLL,46.92,HOLD,-1,EITHER,50-day trend has moved -6.1% over the last month; high volatility — big daily swings,42.7,down,4.01,2482865,43.16,50.68,"{'hit_rate_pct': 22.7, 'median_days': 15, 'sample_size': 132}",45.02,59.9,4.0,27.7,2131,99986.52,MACD bullish crossover; downtrend (price < SMA20 < SMA50),False,,,,2026-09-22 00:00:00
CEPB,26.65,HOLD,-1,LONG-TERM,50-day trend has moved -5.3% over the last month,45.5,down,3.39,13178417,24.84,28.46,"{'hit_rate_pct': 57.6, 'median_days': 8, 'sample_size': 132}",25.12,34.49,5.7,29.4,3752,99990.8,MACD bullish crossover; downtrend (price < SMA20 < SMA50),False,,,,2026-09-22 00:00:00
DFML,15.92,HOLD,-1,EITHER,50-day trend has moved -7.7% over the last month; high volatility — big daily swings,42.2,down,4.62,9394765,14.45,17.39,"{'hit_rate_pct': 37.1, 'median_days': 7, 'sample_size': 132}",14.7,21.4,7.7,34.4,6281,99993.52,MACD bullish crossover; downtrend (price < SMA20 < SMA50),False,,,,2026-09-22 00:00:00
UBL,429.07,HOLD,-1,LONG-TERM,relatively low volatility,36.9,down,2.13,538337512,410.82,447.32,"{'hit_rate_pct': 55.3, 'median_days': 5, 'sample_size': 132}",411.11,498.0,4.2,16.1,233,99973.31,MACD bullish crossover; downtrend (price < SMA20 < SMA50),False,,,,2026-09-22 00:00:00
UBLPETF,28.48,HOLD,-1,LONG-TERM,50-day trend has moved -8.9% over the last month; relatively low volatility,36.8,down,1.28,5150981,27.75,29.21,"{'hit_rate_pct': 53.8, 'median_days': 4, 'sample_size': 132}",27.63,33.62,3.0,18.0,3511,99993.28,MACD bullish crossover; downtrend (price < SMA20 < SMA50),False,,,,2026-09-22 00:00:00
ARPAK,143.68,HOLD,-1,EITHER,50-day trend has moved +4.6% over the last month; high volatility — big daily swings,38.1,sideways,10.65,3039011,113.07,174.29,"{'hit_rate_pct': 78.5, 'median_days': 14, 'sample_size': 130}",116.0,253.5,19.3,76.4,326,46839.68,MACD bearish crossover,False,,,,2026-09-22 00:00:00
STPL,8.21,HOLD,-1,SHORT-TERM/TRADE,high volatility — big daily swings,48.3,down,3.95,5393624,7.56,8.86,"{'hit_rate_pct': 74.2, 'median_days': 10, 'sample_size': 132}",7.7,10.28,6.2,25.2,12180,99997.8,MACD bullish crossover; downtrend (price < SMA20 < SMA50),False,,,,2026-09-22 00:00:00
AIRLINK,127.74,HOLD,-1,LONG-TERM,50-day trend has moved -7.7% over the last month; relatively low volatility,41.0,down,2.76,75522357,120.7,134.78,"{'hit_rate_pct': 47.7, 'median_days': 10, 'sample_size': 132}",118.61,161.4,7.1,26.4,782,99892.68,MACD bullish crossover; downtrend (price < SMA20 < SMA50),False,,,,2026-09-22 00:00:00
APL,577.14,HOLD,-1,LONG-TERM,relatively low volatility,43.1,sideways,1.4,46004313,560.99,593.29,"{'hit_rate_pct': 66.7, 'median_days': 7, 'sample_size': 132}",529.0,607.0,8.3,5.2,173,99845.22,MACD bearish crossover,False,,,,2026-09-22 00:00:00
AGL,45.05,HOLD,-1,EITHER,50-day trend has moved -5.0% over the last month; high volatility — big daily swings,51.2,down,4.85,6211423,40.68,49.42,"{'hit_rate_pct': 40.2, 'median_days': 8, 'sample_size': 132}",40.41,54.5,10.3,21.0,2219,99965.95,MACD bullish crossover; downtrend (price < SMA20 < SMA50),False,,,,2026-09-22 00:00:00
BLUEX,6.25,HOLD,-1,SHORT-TERM/TRADE,50-day trend has moved -4.7% over the last month; high volatility — big daily swings; RSI at an extreme — often short-lived; unusual volume today — check for news,34.9,down,4.18,6282134,5.73,6.77,"{'hit_rate_pct': 46.2, 'median_days': 12, 'sample_size': 132}",5.85,9.79,6.4,56.6,16000,100000.0,RSI oversold (35); high volume on up move; downtrend (price < SMA20 < SMA50); MACD bearish crossover,False,,,,2026-09-22 00:00:00
CPPL,101.89,HOLD,-1,SHORT-TERM/TRADE,high volatility — big daily swings,38.5,sideways,4.15,16750630,93.44,110.34,"{'hit_rate_pct': 68.9, 'median_days': 12, 'sample_size': 132}",91.5,117.8,10.2,15.6,981,99954.09,MACD bearish crossover,False,,,,2026-09-22 00:00:00
CLOV,6.35,HOLD,-1,EITHER,50-day trend has moved -8.5% over the last month; high volatility — big daily swings,43.8,down,4.03,8451288,5.84,6.86,"{'hit_rate_pct': 32.6, 'median_days': 5, 'sample_size': 132}",6.05,8.65,4.7,36.2,15748,99999.8,MACD bullish crossover; downtrend (price < SMA20 < SMA50),False,,,,2026-09-22 00:00:00
UNIC,11.36,HOLD,-1,SHORT-TERM/TRADE,high volatility — big daily swings,41.9,down,3.78,2557593,10.5,12.22,"{'hit_rate_pct': 25.0, 'median_days': 14, 'sample_size': 132}",11.05,14.4,2.7,26.8,8802,99990.72,MACD bullish crossover; downtrend (price < SMA20 < SMA50),False,,,,2026-09-22 00:00:00
TSBL,2.35,HOLD,-1,EITHER,50-day trend has moved +10.9% over the last month; high volatility — big daily swings,41.7,sideways,6.6,28659083,2.04,2.66,"{'hit_rate_pct': 47.7, 'median_days': 10, 'sample_size': 132}",1.73,2.83,26.4,20.4,32258,75806.3,MACD bearish crossover,False,,,,2026-09-22 00:00:00
CJPL,16.86,HOLD,-1,EITHER,50-day trend has moved +6.5% over the last month; high volatility — big daily swings,45.9,down,9.85,3605401,13.54,20.18,"{'hit_rate_pct': 54.5, 'median_days': 13, 'sample_size': 132}",12.5,28.79,25.9,70.8,3012,50782.32,MACD bullish crossover; downtrend (price < SMA20 < SMA50),False,,,,2026-09-22 00:00:00
SRVI,179.93,HOLD,-1,EITHER,50-day trend has moved -37.3% over the last month; high volatility — big daily swings,39.8,down,4.7,29361932,163.03,196.83,"{'hit_rate_pct': 56.1, 'median_days': 11, 'sample_size': 132}",168.51,2464.0,6.3,1269.4,555,99861.15,MACD bullish crossover; downtrend (price < SMA20 < SMA50),False,,,,2026-09-22 00:00:00
SLGL,14.42,HOLD,-1,EITHER,50-day trend has moved -5.3% over the last month; high volatility — big daily swings,39.7,down,4.24,23449997,13.2,15.64,"{'hit_rate_pct': 55.3, 'median_days': 9, 'sample_size': 132}",13.0,19.43,9.8,34.7,6934,99988.28,MACD bullish crossover; downtrend (price < SMA20 < SMA50),False,,,,2026-09-22 00:00:00
CHCC,279.7,HOLD,-1,LONG-TERM,50-day trend has moved -5.3% over the last month,37.5,down,3.28,64488909,261.33,298.07,"{'hit_rate_pct': 53.8, 'median_days': 6, 'sample_size': 132}",259.0,350.0,7.4,25.1,357,99852.9,MACD bullish crossover; downtrend (price < SMA20 < SMA50),False,,,,2026-09-22 00:00:00
FEROZ,344.89,HOLD,-1,EITHER,50-day trend has moved -5.5% over the last month; high volatility — big daily swings,45.2,down,5.72,6241857,305.45,384.33,"{'hit_rate_pct': 23.5, 'median_days': 12, 'sample_size': 132}",311.2,416.71,9.8,20.8,253,87257.17,MACD bullish crossover; downtrend (price < SMA20 < SMA50),False,,,,2026-09-22 00:00:00
FFC,538.2,HOLD,-1,LONG-TERM,relatively low volatility,41.2,down,1.52,300866916,521.79,554.61,"{'hit_rate_pct': 63.6, 'median_days': 9, 'sample_size': 132}",525.0,598.0,2.5,11.1,185,99567.0,MACD bullish crossover; downtrend (price < SMA20 < SMA50),False,,,,2026-09-22 00:00:00
FFL,14.67,HOLD,-1,LONG-TERM,50-day trend has moved -6.6% over the last month; relatively low volatility,38.4,down,2.82,29455880,13.84,15.5,"{'hit_rate_pct': 30.3, 'median_days': 6, 'sample_size': 132}",14.2,18.48,3.2,26.0,6816,99990.72,MACD bullish crossover; downtrend (price < SMA20 < SMA50),False,,,,2026-09-22 00:00:00
CSIL,5.64,HOLD,-1,SHORT-TERM/TRADE,high volatility — big daily swings,54.3,down,5.71,20557598,5.0,6.28,"{'hit_rate_pct': 32.6, 'median_days': 7, 'sample_size': 132}",5.02,6.72,11.0,19.1,15625,88125.0,MACD bullish crossover; downtrend (price < SMA20 < SMA50),False,,,,2026-09-22 00:00:00
DCL,9.86,HOLD,-1,EITHER,50-day trend has moved -5.8% over the last month; high volatility — big daily swings,51.4,down,5.82,38602345,8.71,11.01,"{'hit_rate_pct': 42.4, 'median_days': 8, 'sample_size': 132}",9.02,12.32,8.5,24.9,8695,85732.7,MACD bullish crossover; downtrend (price < SMA20 < SMA50),False,,,,2026-09-22 00:00:00
DSIL,9.3,HOLD,-1,SHORT-TERM/TRADE,high volatility — big daily swings,44.0,down,5.49,25984869,8.28,10.32,"{'hit_rate_pct': 74.2, 'median_days': 8, 'sample_size': 132}",8.16,17.75,12.3,90.9,9803,91167.9,MACD bullish crossover; downtrend (price < SMA20 < SMA50),False,,,,2026-09-22 00:00:00
DGKC,200.22,HOLD,-1,LONG-TERM,50-day trend has moved -3.9% over the last month,47.4,down,3.01,644955074,188.18,212.26,"{'hit_rate_pct': 58.3, 'median_days': 6, 'sample_size': 132}",182.26,237.49,9.0,18.6,499,99909.78,MACD bullish crossover; downtrend (price < SMA20 < SMA50),False,,,,2026-09-22 00:00:00
ICL,129.81,HOLD,-1,LONG-TERM,50-day trend has moved -4.8% over the last month; relatively low volatility; RSI at an extreme — often short-lived; unusual volume today — check for news,28.4,down,2.86,7398727,122.38,137.24,"{'hit_rate_pct': 38.6, 'median_days': 9, 'sample_size': 132}",126.75,154.0,2.4,18.6,770,99953.7,RSI oversold (28); high volume on up move; downtrend (price < SMA20 < SMA50); MACD bearish crossover,True,"Down 4.4% below its 50-day average with RSI at 28 (deeply oversold) — a classic bounce-watch setup, but the trend is still down. This is a contrarian bet on reversal, not a confirmed buy — the price could keep falling instead.",126.1,132.12,2026-09-22 00:00:00
PPP,148.95,HOLD,-1,EITHER,50-day trend has moved +4.4% over the last month; high volatility — big daily swings,46.1,sideways,9.35,43139138,121.1,176.8,"{'hit_rate_pct': 44.7, 'median_days': 16, 'sample_size': 132}",128.01,198.0,14.1,32.9,359,53473.05,MACD bearish crossover,False,,,,2026-09-22 00:00:00
ITANZ,34.23,HOLD,-1,EITHER,50-day trend has moved -7.0% over the last month; high volatility — big daily swings,41.8,down,7.74,88723406,28.93,39.53,"{'hit_rate_pct': 47.0, 'median_days': 8, 'sample_size': 132}",30.45,51.2,11.0,49.6,1886,64557.78,MACD bullish crossover; downtrend (price < SMA20 < SMA50),False,,,,2026-09-22 00:00:00
PSO,348.83,HOLD,-1,LONG-TERM,relatively low volatility,38.1,sideways,1.97,503944575,335.09,362.57,"{'hit_rate_pct': 57.6, 'median_days': 8, 'sample_size': 132}",332.21,390.98,4.8,12.1,286,99765.38,MACD bearish crossover,False,,,,2026-09-22 00:00:00
RUBY,22.45,HOLD,-1,EITHER,50-day trend has moved +11.5% over the last month; high volatility — big daily swings,45.3,sideways,8.4,3367280,18.68,26.22,"{'hit_rate_pct': 64.1, 'median_days': 10, 'sample_size': 131}",15.31,39.83,31.8,77.4,2652,59537.4,MACD bearish crossover,False,,,,2026-09-22 00:00:00
IREIT,7.94,HOLD,-1,EITHER,no strong lean either way,48.6,sideways,3.12,10923774,7.44,8.44,"{'hit_rate_pct': 0.8, 'median_days': 1, 'sample_size': 132}",7.77,9.0,2.1,13.4,12594,99996.36,MACD bearish crossover,False,,,,2026-09-22 00:00:00
IPAK,36.58,HOLD,-1,EITHER,50-day trend has moved +3.6% over the last month; high volatility — big daily swings,42.8,sideways,5.46,67461786,32.59,40.57,"{'hit_rate_pct': 65.9, 'median_days': 17, 'sample_size': 132}",34.0,44.29,7.1,21.1,2506,91669.48,MACD bearish crossover,False,,,,2026-09-22 00:00:00
EPQL,23.87,HOLD,-1,LONG-TERM,relatively low volatility,46.0,down,2.48,4496821,22.68,25.06,"{'hit_rate_pct': 35.6, 'median_days': 20, 'sample_size': 132}",22.4,27.04,6.2,13.3,4189,99991.43,MACD bullish crossover; downtrend (price < SMA20 < SMA50),False,,,,2026-09-22 00:00:00
FABL,93.88,HOLD,-1,LONG-TERM,relatively low volatility,48.0,down,1.78,41259247,90.54,97.22,"{'hit_rate_pct': 52.3, 'median_days': 6, 'sample_size': 132}",88.16,106.0,6.1,12.9,1065,99982.2,MACD bullish crossover; downtrend (price < SMA20 < SMA50),False,,,,2026-09-22 00:00:00
GATI,88.94,HOLD,-1,SHORT-TERM/TRADE,high volatility — big daily swings,37.0,sideways,4.68,2305374,80.61,97.27,"{'hit_rate_pct': 43.9, 'median_days': 12, 'sample_size': 132}",78.51,108.98,11.7,22.5,1124,99968.56,MACD bearish crossover,False,,,,2026-09-22 00:00:00
GATM,22.77,HOLD,-1,EITHER,50-day trend has moved -8.6% over the last month; high volatility — big daily swings,42.6,down,3.92,13816300,20.98,24.56,"{'hit_rate_pct': 45.5, 'median_days': 8, 'sample_size': 132}",20.75,32.75,8.9,43.8,4391,99983.07,MACD bullish crossover; downtrend (price < SMA20 < SMA50),False,,,,2026-09-22 00:00:00
GGGL,7.73,HOLD,-1,EITHER,50-day trend has moved -5.7% over the last month; high volatility — big daily swings,42.8,down,4.25,2795730,7.07,8.39,"{'hit_rate_pct': 42.4, 'median_days': 11, 'sample_size': 132}",7.4,10.2,4.3,32.0,12936,99995.28,MACD bullish crossover; downtrend (price < SMA20 < SMA50),False,,,,2026-09-22 00:00:00
ENGROH,263.79,HOLD,-1,LONG-TERM,relatively low volatility,41.3,down,1.43,342704676,256.26,271.32,"{'hit_rate_pct': 49.2, 'median_days': 3, 'sample_size': 132}",256.72,297.0,2.7,12.6,379,99976.41,MACD bullish crossover; downtrend (price < SMA20 < SMA50),False,,,,2026-09-22 00:00:00
FECTC,96.08,HOLD,-1,SHORT-TERM/TRADE,50-day trend has moved -6.0% over the last month; high volatility — big daily swings; RSI at an extreme — often short-lived; unusual volume today — check for news,27.3,down,4.04,10586447,88.31,103.85,"{'hit_rate_pct': 59.8, 'median_days': 8, 'sample_size': 132}",91.32,126.45,5.0,31.6,1040,99923.2,RSI oversold (27); high volume on up move; downtrend (price < SMA20 < SMA50); MACD bearish crossover,True,"Down 8.6% below its 50-day average with RSI at 27 (deeply oversold) — a classic bounce-watch setup, but the trend is still down. This is a contrarian bet on reversal, not a confirmed buy — the price could keep falling instead.",92.2,100.7,2026-09-22 00:00:00
FANM,9.88,HOLD,-1,EITHER,50-day trend has moved +12.6% over the last month; high volatility — big daily swings,48.8,sideways,9.3,8321391,8.04,11.72,"{'hit_rate_pct': 64.4, 'median_days': 11, 'sample_size': 132}",6.65,12.3,32.7,24.5,5434,53687.92,MACD bearish crossover,False,,,,2026-09-22 00:00:00
FTMM,18.87,HOLD,-1,EITHER,50-day trend has moved +4.3% over the last month; high volatility — big daily swings,51.7,sideways,7.87,2585806,15.9,21.84,"{'hit_rate_pct': 54.2, 'median_days': 13, 'sample_size': 131}",15.12,22.25,19.9,17.9,3367,63535.29,MACD bearish crossover,False,,,,2026-09-22 00:00:00
FTSM,41.72,HOLD,-1,EITHER,50-day trend has moved +8.8% over the last month; high volatility — big daily swings,51.1,sideways,10.89,6025272,32.64,50.8,"{'hit_rate_pct': 59.8, 'median_days': 8, 'sample_size': 132}",28.0,65.08,32.9,56.0,1101,45933.72,MACD bearish crossover,False,,,,2026-09-22 00:00:00
HUBC,204.51,HOLD,-1,LONG-TERM,50-day trend has moved -4.2% over the last month; relatively low volatility,39.9,down,1.64,410517210,197.8,211.22,"{'hit_rate_pct': 49.2, 'median_days': 6, 'sample_size': 132}",199.99,236.8,2.2,15.8,488,99800.88,MACD bullish crossover; downtrend (price < SMA20 < SMA50),False,,,,2026-09-22 00:00:00
FIBLM,14.97,HOLD,-1,EITHER,50-day trend has moved +11.5% over the last month; high volatility — big daily swings,36.4,sideways,8.6,12718106,12.4,17.54,"{'hit_rate_pct': 65.9, 'median_days': 9, 'sample_size': 132}",10.7,25.48,28.5,70.2,3891,58248.27,MACD bearish crossover,False,,,,2026-09-22 00:00:00
HRPL,20.48,HOLD,-1,SHORT-TERM/TRADE,high volatility — big daily swings,39.1,sideways,5.75,3250647,18.12,22.84,"{'hit_rate_pct': 47.0, 'median_days': 15, 'sample_size': 132}",19.5,24.95,4.8,21.8,4237,86773.76,MACD bearish crossover,False,,,,2026-09-22 00:00:00
HMB,98.29,HOLD,-1,LONG-TERM,50-day trend has moved -5.8% over the last month; relatively low volatility,38.6,down,1.79,34857673,94.78,101.8,"{'hit_rate_pct': 31.1, 'median_days': 7, 'sample_size': 132}",96.0,121.4,2.3,23.5,1017,99960.93,MACD bullish crossover; downtrend (price < SMA20 < SMA50),False,,,,2026-09-22 00:00:00
HASCOL,19.85,HOLD,-1,SHORT-TERM/TRADE,high volatility — big daily swings,35.2,sideways,3.63,174539781,18.41,21.29,"{'hit_rate_pct': 50.0, 'median_days': 5, 'sample_size': 132}",18.8,22.74,5.3,14.6,5037,99984.45,MACD bearish crossover,False,,,,2026-09-22 00:00:00
HALEON,692.6,HOLD,-1,LONG-TERM,50-day trend has moved -4.7% over the last month,36.4,down,3.04,27369529,650.44,734.76,"{'hit_rate_pct': 38.6, 'median_days': 8, 'sample_size': 132}",680.0,815.0,1.8,17.7,144,99734.4,MACD bullish crossover; downtrend (price < SMA20 < SMA50),False,,,,2026-09-22 00:00:00
GWLC,50.58,HOLD,-1,SHORT-TERM/TRADE,high volatility — big daily swings,40.7,sideways,3.99,13266866,46.55,54.61,"{'hit_rate_pct': 56.1, 'median_days': 9, 'sample_size': 132}",45.11,56.8,10.8,12.3,1977,99996.66,MACD bearish crossover,False,,,,2026-09-22 00:00:00
GTYR,25.19,HOLD,-1,SHORT-TERM/TRADE,50-day trend has moved -5.7% over the last month; high volatility — big daily swings; RSI at an extreme — often short-lived; unusual volume today — check for news,12.6,down,4.11,4585890,23.12,27.26,"{'hit_rate_pct': 59.1, 'median_days': 11, 'sample_size': 132}",24.1,38.35,4.3,52.2,3969,99979.11,RSI oversold (13); high volume on up move; downtrend (price < SMA20 < SMA50); MACD bearish crossover,True,"Down 18.5% below its 50-day average with RSI at 13 (deeply oversold) — a classic bounce-watch setup, but the trend is still down. This is a contrarian bet on reversal, not a confirmed buy — the price could keep falling instead.",24.15,27.23,2026-09-22 00:00:00
KAPCO,26.58,HOLD,-1,LONG-TERM,relatively low volatility,37.1,down,1.56,19443351,25.75,27.41,"{'hit_rate_pct': 49.2, 'median_days': 12, 'sample_size': 132}",25.74,29.55,3.2,11.2,3762,99993.96,MACD bullish crossover; downtrend (price < SMA20 < SMA50),False,,,,2026-09-22 00:00:00
KOSM,5.17,HOLD,-1,EITHER,50-day trend has moved -7.3% over the last month; high volatility — big daily swings,44.4,down,4.71,16255353,4.68,5.66,"{'hit_rate_pct': 50.0, 'median_days': 7, 'sample_size': 132}",4.96,6.93,4.1,34.0,19342,99998.14,MACD bullish crossover; downtrend (price < SMA20 < SMA50),False,,,,2026-09-22 00:00:00
KOHE,15.48,HOLD,-1,SHORT-TERM/TRADE,high volatility — big daily swings,50.6,down,3.96,2229517,14.25,16.71,"{'hit_rate_pct': 61.4, 'median_days': 13, 'sample_size': 132}",14.5,18.06,6.3,16.7,6459,99985.32,MACD bullish crossover; downtrend (price < SMA20 < SMA50),False,,,,2026-09-22 00:00:00
KOHC,91.1,HOLD,-1,LONG-TERM,50-day trend has moved -4.5% over the last month,48.0,down,3.03,23839175,85.58,96.62,"{'hit_rate_pct': 51.5, 'median_days': 5, 'sample_size': 132}",86.8,116.61,4.7,28.0,1097,99936.7,MACD bullish crossover; downtrend (price < SMA20 < SMA50),False,,,,2026-09-22 00:00:00
IGIHL,249.85,HOLD,-1,EITHER,50-day trend has moved -3.1% over the last month; RSI at an extreme — often short-lived; unusual volume today — check for news,34.8,down,3.13,7379769,234.22,265.48,"{'hit_rate_pct': 63.6, 'median_days': 6, 'sample_size': 132}",235.0,290.0,5.9,16.1,400,99940.0,RSI oversold (35); high volume on up move; downtrend (price < SMA20 < SMA50); MACD bearish crossover,False,,,,2026-09-22 00:00:00
ILP,100.49,HOLD,-1,EITHER,no strong lean either way,42.3,sideways,3.3,86885878,93.86,107.12,"{'hit_rate_pct': 56.1, 'median_days': 9, 'sample_size': 132}",95.9,110.5,4.6,10.0,995,99987.55,MACD bearish crossover,False,,,,2026-09-22 00:00:00
IMAGE,25.39,HOLD,-1,LONG-TERM,relatively low volatility,37.4,down,2.79,5851681,23.97,26.81,"{'hit_rate_pct': 49.2, 'median_days': 11, 'sample_size': 132}",24.06,27.82,5.2,9.6,3938,99985.82,MACD bullish crossover; downtrend (price < SMA20 < SMA50),False,,,,2026-09-22 00:00:00
AVN,28.14,HOLD,-1,LONG-TERM,50-day trend has moved -7.7% over the last month; relatively low volatility,39.1,down,2.78,15178917,26.58,29.7,"{'hit_rate_pct': 46.2, 'median_days': 8, 'sample_size': 132}",27.47,37.75,2.4,34.2,3553,99981.42,MACD bullish crossover; downtrend (price < SMA20 < SMA50),False,,,,2026-09-22 00:00:00
PACE,10.22,HOLD,-1,EITHER,50-day trend has moved -4.1% over the last month; high volatility — big daily swings,51.5,down,5.2,55057727,9.16,11.28,"{'hit_rate_pct': 36.4, 'median_days': 6, 'sample_size': 132}",9.36,12.86,8.4,25.8,9433,96405.26,MACD bullish crossover; downtrend (price < SMA20 < SMA50),False,,,,2026-09-22 00:00:00
PAEL,36.83,HOLD,-1,LONG-TERM,50-day trend has moved -6.1% over the last month,43.5,down,3.21,162117311,34.47,39.19,"{'hit_rate_pct': 50.0, 'median_days': 8, 'sample_size': 132}",34.81,47.61,5.5,29.3,2715,99993.45,MACD bullish crossover; downtrend (price < SMA20 < SMA50),False,,,,2026-09-22 00:00:00
PIOC,249.98,HOLD,-1,LONG-TERM,50-day trend has moved -3.8% over the last month; relatively low volatility,44.0,down,2.73,27776567,236.34,263.62,"{'hit_rate_pct': 62.1, 'median_days': 8, 'sample_size': 132}",231.01,312.9,7.6,25.2,400,99992.0,MACD bullish crossover; downtrend (price < SMA20 < SMA50),False,,,,2026-09-22 00:00:00
PICT,40.99,HOLD,-1,SHORT-TERM/TRADE,high volatility — big daily swings,36.5,down,4.44,7526968,37.35,44.63,"{'hit_rate_pct': 60.6, 'median_days': 6, 'sample_size': 132}",37.1,61.5,9.5,50.0,2439,99974.61,MACD bullish crossover; downtrend (price < SMA20 < SMA50),False,,,,2026-09-22 00:00:00
OML,74.03,HOLD,-1,EITHER,50-day trend has moved +14.7% over the last month; high volatility — big daily swings,42.9,down,7.89,2145740,62.35,85.71,"{'hit_rate_pct': 58.4, 'median_days': 8, 'sample_size': 125}",33.3,187.24,55.0,152.9,856,63369.68,MACD bullish crossover; downtrend (price < SMA20 < SMA50),False,,,,2026-09-22 00:00:00
LSEFSL,3.66,HOLD,-1,EITHER,50-day trend has moved -29.5% over the last month; high volatility — big daily swings,64.7,down,12.14,6353213,2.77,4.55,"{'hit_rate_pct': 60.6, 'median_days': 11, 'sample_size': 132}",2.32,29.0,36.6,692.3,11235,41120.1,MACD bullish crossover; downtrend (price < SMA20 < SMA50),False,,,,2026-09-22 00:00:00
BECO,4.4,HOLD,-1,EITHER,50-day trend has moved -7.0% over the last month; high volatility — big daily swings,41.0,down,3.96,17797255,4.05,4.75,"{'hit_rate_pct': 38.6, 'median_days': 8, 'sample_size': 132}",4.31,5.9,2.0,34.1,22727,99998.8,MACD bullish crossover; downtrend (price < SMA20 < SMA50),False,,,,2026-09-22 00:00:00
MIIETF,16.18,HOLD,-1,LONG-TERM,relatively low volatility,39.7,down,1.57,9797100,15.67,16.69,"{'hit_rate_pct': 65.9, 'median_days': 7, 'sample_size': 132}",15.6,18.68,3.6,15.5,6180,99992.4,MACD bullish crossover; downtrend (price < SMA20 < SMA50),False,,,,2026-09-22 00:00:00
ASTM,117.67,HOLD,-1,EITHER,50-day trend has moved +81.7% over the last month; high volatility — big daily swings,39.3,sideways,12.2,45849833,88.96,146.38,"{'hit_rate_pct': 75.0, 'median_days': 10, 'sample_size': 132}",19.95,170.0,83.0,44.5,348,40949.16,MACD bearish crossover,False,,,,2026-09-22 00:00:00
ATLH,1582.26,HOLD,-1,LONG-TERM,relatively low volatility,48.6,down,1.72,5903802,1527.79,1636.73,"{'hit_rate_pct': 28.8, 'median_days': 6, 'sample_size': 132}",1550.0,1719.97,2.0,8.7,63,99682.38,MACD bullish crossover; downtrend (price < SMA20 < SMA50),False,,,,2026-09-22 00:00:00
BBFL,40.97,HOLD,-1,LONG-TERM,50-day trend has moved -3.7% over the last month; relatively low volatility,41.9,down,2.64,22780079,38.8,43.14,"{'hit_rate_pct': 42.4, 'median_days': 9, 'sample_size': 132}",39.03,46.69,4.7,14.0,2440,99966.8,MACD bullish crossover; downtrend (price < SMA20 < SMA50),False,,,,2026-09-22 00:00:00
MZNPETF,17.42,HOLD,-1,LONG-TERM,50-day trend has moved -5.4% over the last month; relatively low volatility,41.4,down,1.53,17306232,16.89,17.95,"{'hit_rate_pct': 53.0, 'median_days': 5, 'sample_size': 132}",16.77,19.96,3.7,14.6,5740,99990.8,MACD bullish crossover; downtrend (price < SMA20 < SMA50),False,,,,2026-09-22 00:00:00
OGDC,318.41,HOLD,-1,LONG-TERM,relatively low volatility,36.1,sideways,1.85,938272928,306.62,330.2,"{'hit_rate_pct': 64.4, 'median_days': 7, 'sample_size': 132}",307.5,352.0,3.4,10.5,314,99980.74,MACD bearish crossover,False,,,,2026-09-22 00:00:00
ASC,8.6,HOLD,-1,EITHER,50-day trend has moved -9.3% over the last month; high volatility — big daily swings,40.3,down,6.52,14804709,7.48,9.72,"{'hit_rate_pct': 44.7, 'median_days': 16, 'sample_size': 132}",7.9,15.29,8.1,77.8,8928,76780.8,MACD bullish crossover; downtrend (price < SMA20 < SMA50),False,,,,2026-09-22 00:00:00
OCTOPUS,28.61,HOLD,-1,EITHER,50-day trend has moved -6.4% over the last month; high volatility — big daily swings,49.9,down,4.23,9606255,26.19,31.03,"{'hit_rate_pct': 38.6, 'median_days': 8, 'sample_size': 132}",27.51,36.0,3.8,25.8,3495,99991.95,MACD bullish crossover; downtrend (price < SMA20 < SMA50),False,,,,2026-09-22 00:00:00
NPL,63.28,HOLD,-1,EITHER,50-day trend has moved -4.8% over the last month; high volatility — big daily swings,40.0,down,4.14,119966520,58.04,68.52,"{'hit_rate_pct': 43.2, 'median_days': 8, 'sample_size': 132}",60.16,74.6,4.9,17.9,1580,99982.4,MACD bullish crossover; downtrend (price < SMA20 < SMA50),False,,,,2026-09-22 00:00:00
NML,133.82,HOLD,-1,LONG-TERM,50-day trend has moved -5.4% over the last month,36.3,down,3.03,118947635,125.7,141.94,"{'hit_rate_pct': 45.5, 'median_days': 6, 'sample_size': 132}",126.69,168.0,5.3,25.5,747,99963.54,MACD bullish crossover; downtrend (price < SMA20 < SMA50),False,,,,2026-09-22 00:00:00
TPLT,31.85,HOLD,-1,EITHER,50-day trend has moved +11.9% over the last month; high volatility — big daily swings,47.9,sideways,4.54,44705879,28.96,34.74,"{'hit_rate_pct': 88.6, 'median_days': 7, 'sample_size': 132}",21.0,34.35,34.1,7.8,3139,99977.15,MACD bearish crossover,False,,,,2026-09-22 00:00:00
TATM,156.61,HOLD,-1,EITHER,50-day trend has moved +5.1% over the last month; high volatility — big daily swings,44.7,sideways,5.16,19169473,140.43,172.79,"{'hit_rate_pct': 57.6, 'median_days': 13, 'sample_size': 132}",125.0,191.8,20.2,22.5,618,96784.98,MACD bearish crossover,False,,,,2026-09-22 00:00:00
TELE,7.79,HOLD,-1,EITHER,50-day trend has moved -5.7% over the last month; high volatility — big daily swings,47.6,down,3.59,24109561,7.23,8.35,"{'hit_rate_pct': 38.6, 'median_days': 7, 'sample_size': 132}",7.4,9.46,5.0,21.4,12836,99992.44,MACD bullish crossover; downtrend (price < SMA20 < SMA50),False,,,,2026-09-22 00:00:00
TOWL,132.04,HOLD,-1,EITHER,50-day trend has moved +8.1% over the last month; high volatility — big daily swings,41.0,sideways,12.88,73645387,98.03,166.05,"{'hit_rate_pct': 34.1, 'median_days': 13, 'sample_size': 132}",114.0,230.41,13.7,74.5,294,38819.76,MACD bearish crossover,False,,,,2026-09-22 00:00:00
TRG,51.34,HOLD,-1,LONG-TERM,50-day trend has moved -8.7% over the last month,38.0,down,3.19,134829292,48.07,54.61,"{'hit_rate_pct': 47.0, 'median_days': 7, 'sample_size': 132}",48.17,70.02,6.2,36.4,1947,99958.98,MACD bullish crossover; downtrend (price < SMA20 < SMA50),False,,,,2026-09-22 00:00:00
P05FRR300930,97.12,HOLD,-1,SHORT-TERM/TRADE,relatively low volatility; RSI at an extreme — often short-lived; unusual volume today — check for news,1.7,down,0.18,3772659330,96.78,97.46,"{'hit_rate_pct': 58.8, 'median_days': 3, 'sample_size': 80}",0.0,99.6,100.0,2.6,1029,99936.48,RSI oversold (2); high volume on up move; downtrend (price < SMA20 < SMA50); MACD bearish crossover,True,"Down 1.0% below its 50-day average with RSI at 2 (deeply oversold) — a classic bounce-watch setup, but the trend is still down. This is a contrarian bet on reversal, not a confirmed buy — the price could keep falling instead.",96.95,97.89,2026-09-18 00:00:00
ABL,170.05,HOLD,-1,LONG-TERM,relatively low volatility,47.9,down,2.05,30299301,163.09,177.01,"{'hit_rate_pct': 37.9, 'median_days': 13, 'sample_size': 132}",162.45,192.0,4.5,12.9,588,99989.4,MACD bullish crossover; downtrend (price < SMA20 < SMA50),False,,,,2026-09-22 00:00:00
P03FRR211027,100.08,HOLD,-2,EITHER,relatively low volatility; RSI at an extreme — often short-lived,23.5,down,0.04,941977697,100.0,100.16,"{'hit_rate_pct': 34.6, 'median_days': 3, 'sample_size': 52}",0.0,101.38,100.0,1.3,999,99979.92,RSI oversold (24); downtrend (price < SMA20 < SMA50); MACD bearish crossover,True,"Down 0.3% below its 50-day average with RSI at 24 (deeply oversold) — a classic bounce-watch setup, but the trend is still down. This is a contrarian bet on reversal, not a confirmed buy — the price could keep falling instead.",100.04,100.25,2026-09-21 00:00:00
P05FRR240129,106.8,HOLD,-2,EITHER,relatively low volatility; RSI at an extreme — often short-lived,2.6,down,0.09,157656512,106.6,107.0,"{'hit_rate_pct': 36.5, 'median_days': 13, 'sample_size': 96}",106.23,108.26,0.5,1.4,936,99964.8,RSI oversold (3); downtrend (price < SMA20 < SMA50); MACD bearish crossover,True,"Down 0.9% below its 50-day average with RSI at 3 (deeply oversold) — a classic bounce-watch setup, but the trend is still down. This is a contrarian bet on reversal, not a confirmed buy — the price could keep falling instead.",106.7,107.56,2026-09-18 00:00:00
P05FRR280629,106.9,HOLD,-2,EITHER,relatively low volatility; RSI at an extreme — often short-lived,0.0,down,0.09,704163980,106.71,107.09,"{'hit_rate_pct': 14.3, 'median_days': 2, 'sample_size': 49}",0.0,109.5,100.0,2.4,935,99951.5,RSI oversold (0); downtrend (price < SMA20 < SMA50); MACD bearish crossover,True,"Down 1.1% below its 50-day average with RSI at 0 (deeply oversold) — a classic bounce-watch setup, but the trend is still down. This is a contrarian bet on reversal, not a confirmed buy — the price could keep falling instead.",106.8,107.8,2026-09-18 00:00:00
P05FRR300530,96.55,HOLD,-2,EITHER,relatively low volatility; RSI at an extreme — often short-lived,6.4,down,0.11,6521353017,96.34,96.76,"{'hit_rate_pct': 43.3, 'median_days': 4, 'sample_size': 97}",0.0,98.2,100.0,1.7,1035,99929.25,RSI oversold (6); downtrend (price < SMA20 < SMA50); MACD bearish crossover,True,"Down 0.9% below its 50-day average with RSI at 6 (deeply oversold) — a classic bounce-watch setup, but the trend is still down. This is a contrarian bet on reversal, not a confirmed buy — the price could keep falling instead.",96.44,97.08,2026-09-18 00:00:00
THALL,533.08,HOLD,-2,SHORT-TERM/TRADE,50-day trend has moved -4.4% over the last month; high volatility — big daily swings; RSI at an extreme — often short-lived,29.7,down,3.85,9078202,492.01,574.15,"{'hit_rate_pct': 27.3, 'median_days': 9, 'sample_size': 132}",506.0,650.0,5.1,21.9,187,99685.96,RSI oversold (30); downtrend (price < SMA20 < SMA50); MACD bearish crossover,True,"Down 6.1% below its 50-day average with RSI at 30 (deeply oversold) — a classic bounce-watch setup, but the trend is still down. This is a contrarian bet on reversal, not a confirmed buy — the price could keep falling instead.",512.55,550.91,2026-09-22 00:00:00
TGL,165.62,HOLD,-2,SHORT-TERM/TRADE,50-day trend has moved -4.8% over the last month; high volatility — big daily swings; RSI at an extreme — often short-lived,32.0,down,3.65,19099784,153.53,177.71,"{'hit_rate_pct': 48.5, 'median_days': 8, 'sample_size': 132}",151.0,206.0,8.8,24.4,603,99868.86,RSI oversold (32); downtrend (price < SMA20 < SMA50); MACD bearish crossover,False,,,,2026-09-22 00:00:00
MARI,645.57,HOLD,-2,EITHER,relatively low volatility; unusual volume today — check for news,41.0,down,1.72,248502454,623.3,667.84,"{'hit_rate_pct': 58.3, 'median_days': 8, 'sample_size': 132}",630.05,708.0,2.4,9.7,154,99417.78,high volume on up move; downtrend (price < SMA20 < SMA50); MACD bearish crossover,False,,,,2026-09-22 00:00:00
LOTCHEM,25.61,HOLD,-2,LONG-TERM,50-day trend has moved -3.9% over the last month; relatively low volatility; RSI at an extreme — often short-lived,34.3,down,2.54,120270560,24.31,26.91,"{'hit_rate_pct': 55.3, 'median_days': 7, 'sample_size': 132}",24.31,32.91,5.1,28.5,3904,99981.44,RSI oversold (34); downtrend (price < SMA20 < SMA50); MACD bearish crossover,False,,,,2026-09-22 00:00:00
TOMCL,32.73,HOLD,-2,LONG-TERM,50-day trend has moved -7.3% over the last month; RSI at an extreme — often short-lived,28.4,down,3.43,32189739,30.49,34.97,"{'hit_rate_pct': 59.1, 'median_days': 5, 'sample_size': 132}",30.53,46.35,6.7,41.6,3055,99990.15,RSI oversold (28); downtrend (price < SMA20 < SMA50); MACD bearish crossover,True,"Down 10.1% below its 50-day average with RSI at 28 (deeply oversold) — a classic bounce-watch setup, but the trend is still down. This is a contrarian bet on reversal, not a confirmed buy — the price could keep falling instead.",31.61,34.17,2026-09-22 00:00:00
TPLP,12.51,HOLD,-2,SHORT-TERM/TRADE,50-day trend has moved +6.1% over the last month; high volatility — big daily swings; RSI at an extreme — often short-lived,15.8,down,4.88,81398939,11.29,13.73,"{'hit_rate_pct': 72.7, 'median_days': 8, 'sample_size': 132}",10.21,16.08,18.4,28.5,7993,99992.43,RSI oversold (16); downtrend (price < SMA20 < SMA50); MACD bearish crossover,True,"Down 9.0% below its 50-day average with RSI at 16 (deeply oversold) — a classic bounce-watch setup, but the trend is still down. This is a contrarian bet on reversal, not a confirmed buy — the price could keep falling instead.",11.9,13.55,2026-09-22 00:00:00
WAVESAPP,8.22,HOLD,-2,SHORT-TERM/TRADE,high volatility — big daily swings; RSI at an extreme — often short-lived,31.4,down,3.72,24278300,7.61,8.83,"{'hit_rate_pct': 58.3, 'median_days': 10, 'sample_size': 132}",8.15,9.88,0.9,20.2,12165,99996.3,RSI oversold (31); downtrend (price < SMA20 < SMA50); MACD bearish crossover,False,,,,2026-09-22 00:00:00
WAVES,8.9,HOLD,-2,SHORT-TERM/TRADE,50-day trend has moved -5.7% over the last month; high volatility — big daily swings; RSI at an extreme — often short-lived,26.3,down,3.64,20601377,8.25,9.55,"{'hit_rate_pct': 43.2, 'median_days': 6, 'sample_size': 132}",8.73,11.7,1.9,31.5,11235,99991.5,RSI oversold (26); downtrend (price < SMA20 < SMA50); MACD bearish crossover,True,"Down 11.8% below its 50-day average with RSI at 26 (deeply oversold) — a classic bounce-watch setup, but the trend is still down. This is a contrarian bet on reversal, not a confirmed buy — the price could keep falling instead.",8.58,9.51,2026-09-22 00:00:00
NATF,349.49,HOLD,-2,EITHER,relatively low volatility; RSI at an extreme — often short-lived,25.5,down,2.94,44740323,328.95,370.03,"{'hit_rate_pct': 41.7, 'median_days': 11, 'sample_size': 132}",344.0,420.5,1.6,20.3,286,99954.14,RSI oversold (25); downtrend (price < SMA20 < SMA50); MACD bearish crossover,True,"Down 6.9% below its 50-day average with RSI at 25 (deeply oversold) — a classic bounce-watch setup, but the trend is still down. This is a contrarian bet on reversal, not a confirmed buy — the price could keep falling instead.",339.22,361.4,2026-09-22 00:00:00
MUGHAL,69.98,HOLD,-2,LONG-TERM,50-day trend has moved -6.2% over the last month; RSI at an extreme — often short-lived,26.7,down,3.35,47980841,65.29,74.67,"{'hit_rate_pct': 49.2, 'median_days': 7, 'sample_size': 132}",67.5,94.25,3.5,34.7,1428,99931.44,RSI oversold (27); downtrend (price < SMA20 < SMA50); MACD bearish crossover,True,"Down 10.5% below its 50-day average with RSI at 27 (deeply oversold) — a classic bounce-watch setup, but the trend is still down. This is a contrarian bet on reversal, not a confirmed buy — the price could keep falling instead.",67.64,73.91,2026-09-22 00:00:00
NBP,171.08,HOLD,-2,LONG-TERM,50-day trend has moved -4.8% over the last month; relatively low volatility; RSI at an extreme — often short-lived,31.3,down,2.81,666340943,161.47,180.69,"{'hit_rate_pct': 48.5, 'median_days': 6, 'sample_size': 132}",161.0,220.75,5.9,29.0,584,99910.72,RSI oversold (31); downtrend (price < SMA20 < SMA50); MACD bearish crossover,False,,,,2026-09-22 00:00:00
OTSU,340.17,HOLD,-2,SHORT-TERM/TRADE,50-day trend has moved +3.4% over the last month; high volatility — big daily swings; RSI at an extreme — often short-lived,10.7,down,5.19,4517573,304.84,375.5,"{'hit_rate_pct': 47.7, 'median_days': 12, 'sample_size': 132}",299.5,456.46,12.0,34.2,283,96268.11,RSI oversold (11); downtrend (price < SMA20 < SMA50); MACD bearish crossover,True,"Down 13.9% below its 50-day average with RSI at 11 (deeply oversold) — a classic bounce-watch setup, but the trend is still down. This is a contrarian bet on reversal, not a confirmed buy — the price could keep falling instead.",322.5,371.53,2026-09-22 00:00:00
JSBL,12.08,HOLD,-2,SHORT-TERM/TRADE,high volatility — big daily swings; RSI at an extreme — often short-lived,23.3,down,6.38,4770595,10.54,13.62,"{'hit_rate_pct': 45.5, 'median_days': 9, 'sample_size': 132}",11.16,15.55,7.6,28.7,6493,78435.44,RSI oversold (23); downtrend (price < SMA20 < SMA50); MACD bearish crossover,True,"Down 8.5% below its 50-day average with RSI at 23 (deeply oversold) — a classic bounce-watch setup, but the trend is still down. This is a contrarian bet on reversal, not a confirmed buy — the price could keep falling instead.",11.31,12.56,2026-09-22 00:00:00
KEL,6.72,HOLD,-2,LONG-TERM,50-day trend has moved -6.5% over the last month; relatively low volatility; RSI at an extreme — often short-lived,33.9,down,2.9,80569323,6.33,7.11,"{'hit_rate_pct': 43.9, 'median_days': 7, 'sample_size': 132}",6.48,8.87,3.6,32.0,14880,99993.6,RSI oversold (34); downtrend (price < SMA20 < SMA50); MACD bearish crossover,False,,,,2026-09-22 00:00:00
KOIL,35.2,HOLD,-2,SHORT-TERM/TRADE,50-day trend has moved -9.2% over the last month; high volatility — big daily swings; RSI at an extreme — often short-lived,30.4,down,5.78,5517167,31.13,39.27,"{'hit_rate_pct': 23.5, 'median_days': 5, 'sample_size': 132}",33.11,51.0,5.9,44.9,2457,86486.4,RSI oversold (30); downtrend (price < SMA20 < SMA50); MACD bearish crossover,False,,,,2026-09-22 00:00:00
PIAHCLA,21.01,HOLD,-2,SHORT-TERM/TRADE,50-day trend has moved -7.5% over the last month; high volatility — big daily swings; RSI at an extreme — often short-lived,21.7,down,4.14,58457705,19.27,22.75,"{'hit_rate_pct': 49.2, 'median_days': 9, 'sample_size': 132}",20.7,33.39,1.5,58.9,4759,99986.59,RSI oversold (22); downtrend (price < SMA20 < SMA50); MACD bearish crossover,True,"Down 19.4% below its 50-day average with RSI at 22 (deeply oversold) — a classic bounce-watch setup, but the trend is still down. This is a contrarian bet on reversal, not a confirmed buy — the price could keep falling instead.",20.14,23.5,2026-09-22 00:00:00
PIM,46.69,HOLD,-2,SHORT-TERM/TRADE,50-day trend has moved +49.0% over the last month; high volatility — big daily swings; unusual volume today — check for news,49.7,sideways,15.52,3029276,32.2,61.18,"{'hit_rate_pct': 35.4, 'median_days': 13, 'sample_size': 127}",20.11,75.0,56.9,60.6,690,32216.1,MACD bearish crossover; high volume on down move,False,,,,2026-09-22 00:00:00
PAKQATAR,17.1,HOLD,-2,SHORT-TERM/TRADE,50-day trend has moved -7.6% over the last month; high volatility — big daily swings; RSI at an extreme — often short-lived,19.2,down,4.7,4136261,15.49,18.71,"{'hit_rate_pct': 40.2, 'median_days': 13, 'sample_size': 132}",16.26,24.6,4.9,43.9,5847,99983.7,RSI oversold (19); downtrend (price < SMA20 < SMA50); MACD bearish crossover,True,"Down 13.8% below its 50-day average with RSI at 19 (deeply oversold) — a classic bounce-watch setup, but the trend is still down. This is a contrarian bet on reversal, not a confirmed buy — the price could keep falling instead.",16.3,18.14,2026-09-22 00:00:00
ZUMA,28.19,HOLD,-2,SHORT-TERM/TRADE,50-day trend has moved -27.3% over the last month; high volatility — big daily swings; RSI at an extreme — often short-lived,78.2,down,6.52,150881694,24.51,31.87,"{'hit_rate_pct': 60.6, 'median_days': 7, 'sample_size': 132}",17.7,119.0,37.2,322.1,2717,76592.23,MACD bullish crossover; downtrend (price < SMA20 < SMA50); RSI overbought (78),False,,,,2026-09-22 00:00:00
BIPL,24.9,HOLD,-2,EITHER,relatively low volatility; RSI at an extreme — often short-lived,31.4,down,2.75,11642003,23.53,26.27,"{'hit_rate_pct': 52.3, 'median_days': 11, 'sample_size': 132}",23.9,29.7,4.0,19.3,4016,99998.4,RSI oversold (31); downtrend (price < SMA20 < SMA50); MACD bearish crossover,False,,,,2026-09-22 00:00:00
ANSM,25.28,HOLD,-2,SHORT-TERM/TRADE,50-day trend has moved -4.4% over the last month; high volatility — big daily swings; unusual volume today — check for news,46.6,down,7.66,2014248,21.41,29.15,"{'hit_rate_pct': 58.3, 'median_days': 8, 'sample_size': 132}",21.56,38.8,14.7,53.5,2583,65298.24,MACD bullish crossover; downtrend (price < SMA20 < SMA50); high volume on down move,False,,,,2026-09-22 00:00:00
ALTN,6.65,HOLD,-2,SHORT-TERM/TRADE,50-day trend has moved -7.0% over the last month; high volatility — big daily swings; RSI at an extreme — often short-lived,23.5,down,4.07,2305894,6.11,7.19,"{'hit_rate_pct': 26.5, 'median_days': 9, 'sample_size': 132}",6.22,8.55,6.5,28.6,15037,99996.05,RSI oversold (23); downtrend (price < SMA20 < SMA50); MACD bearish crossover,True,"Down 10.3% below its 50-day average with RSI at 23 (deeply oversold) — a classic bounce-watch setup, but the trend is still down. This is a contrarian bet on reversal, not a confirmed buy — the price could keep falling instead.",6.38,6.96,2026-09-22 00:00:00
BIFO,113.9,HOLD,-2,SHORT-TERM/TRADE,50-day trend has moved -3.6% over the last month; high volatility — big daily swings; RSI at an extreme — often short-lived,34.5,down,3.93,10276848,104.95,122.85,"{'hit_rate_pct': 47.7, 'median_days': 5, 'sample_size': 132}",111.11,145.0,2.4,27.3,877,99890.3,RSI oversold (34); downtrend (price < SMA20 < SMA50); MACD bearish crossover,False,,,,2026-09-22 00:00:00
CLVL,38.0,HOLD,-2,SHORT-TERM/TRADE,50-day trend has moved +48.6% over the last month; high volatility — big daily swings; unusual volume today — check for news,47.2,sideways,13.51,110886028,27.74,48.26,"{'hit_rate_pct': 53.0, 'median_days': 11, 'sample_size': 132}",12.7,56.24,66.6,48.0,974,37012.0,MACD bearish crossover; high volume on down move,False,,,,2026-09-22 00:00:00
PKGS,720.47,HOLD,-2,SHORT-TERM/TRADE,RSI at an extreme — often short-lived,21.9,down,3.17,5934745,674.82,766.12,"{'hit_rate_pct': 36.4, 'median_days': 12, 'sample_size': 132}",683.25,848.0,5.2,17.7,138,99424.86,RSI oversold (22); downtrend (price < SMA20 < SMA50); MACD bearish crossover,True,"Down 7.3% below its 50-day average with RSI at 22 (deeply oversold) — a classic bounce-watch setup, but the trend is still down. This is a contrarian bet on reversal, not a confirmed buy — the price could keep falling instead.",697.64,751.86,2026-09-22 00:00:00
PINL,10.42,HOLD,-2,SHORT-TERM/TRADE,high volatility — big daily swings; RSI at an extreme — often short-lived,30.1,down,5.62,4330305,9.25,11.59,"{'hit_rate_pct': 59.8, 'median_days': 9, 'sample_size': 132}",9.15,15.39,12.2,47.7,8547,89059.74,RSI oversold (30); downtrend (price < SMA20 < SMA50); MACD bearish crossover,False,,,,2026-09-22 00:00:00
LCI,209.08,HOLD,-2,LONG-TERM,50-day trend has moved -3.4% over the last month; relatively low volatility; RSI at an extreme — often short-lived,33.2,down,2.26,26395718,199.61,218.55,"{'hit_rate_pct': 38.6, 'median_days': 9, 'sample_size': 132}",205.0,253.27,2.0,21.1,478,99940.24,RSI oversold (33); downtrend (price < SMA20 < SMA50); MACD bearish crossover,False,,,,2026-09-22 00:00:00
SBL,13.0,HOLD,-2,SHORT-TERM/TRADE,50-day trend has moved +7.9% over the last month; high volatility — big daily swings; RSI at an extreme — often short-lived,32.9,down,3.79,4126201,12.01,13.99,"{'hit_rate_pct': 43.9, 'median_days': 7, 'sample_size': 132}",9.56,16.57,26.5,27.5,7692,99996.0,RSI oversold (33); downtrend (price < SMA20 < SMA50); MACD bearish crossover,False,,,,2026-09-22 00:00:00
GHNI,1077.35,HOLD,-2,SHORT-TERM/TRADE,50-day trend has moved +7.0% over the last month; high volatility — big daily swings; RSI at an extreme — often short-lived,16.1,down,4.16,166830580,987.64,1167.06,"{'hit_rate_pct': 77.3, 'median_days': 9, 'sample_size': 132}",950.05,1371.99,11.8,27.3,92,99116.2,RSI oversold (16); downtrend (price < SMA20 < SMA50); MACD bearish crossover,True,"Down 11.5% below its 50-day average with RSI at 16 (deeply oversold) — a classic bounce-watch setup, but the trend is still down. This is a contrarian bet on reversal, not a confirmed buy — the price could keep falling instead.",1032.49,1213.06,2026-09-22 00:00:00
PTC,63.25,HOLD,-2,SHORT-TERM/TRADE,RSI at an extreme — often short-lived,29.4,down,3.13,108198826,59.29,67.21,"{'hit_rate_pct': 55.3, 'median_days': 7, 'sample_size': 132}",62.06,75.5,1.9,19.4,1581,99998.25,RSI oversold (29); downtrend (price < SMA20 < SMA50); MACD bearish crossover,True,"Down 8.1% below its 50-day average with RSI at 29 (deeply oversold) — a classic bounce-watch setup, but the trend is still down. This is a contrarian bet on reversal, not a confirmed buy — the price could keep falling instead.",61.27,65.96,2026-09-22 00:00:00
PTL,49.74,HOLD,-2,SHORT-TERM/TRADE,high volatility — big daily swings; RSI at an extreme — often short-lived,33.1,down,4.51,18283264,45.25,54.23,"{'hit_rate_pct': 27.3, 'median_days': 13, 'sample_size': 132}",46.55,60.5,6.4,21.6,2010,99977.4,RSI oversold (33); downtrend (price < SMA20 < SMA50); MACD bearish crossover,False,,,,2026-09-22 00:00:00
ISL,82.4,HOLD,-2,SHORT-TERM/TRADE,high volatility — big daily swings; RSI at an extreme — often short-lived,34.8,down,3.51,30830558,76.61,88.19,"{'hit_rate_pct': 66.7, 'median_days': 8, 'sample_size': 132}",77.2,100.49,6.3,22.0,1213,99951.2,RSI oversold (35); downtrend (price < SMA20 < SMA50); MACD bearish crossover,False,,,,2026-09-22 00:00:00
INDU,1788.18,HOLD,-2,LONG-TERM,50-day trend has moved -3.5% over the last month; relatively low volatility; RSI at an extreme — often short-lived,23.6,down,1.84,60756998,1722.35,1854.01,"{'hit_rate_pct': 33.3, 'median_days': 7, 'sample_size': 132}",1783.2,2100.0,0.3,17.4,55,98349.9,RSI oversold (24); downtrend (price < SMA20 < SMA50); MACD bearish crossover,True,"Down 6.4% below its 50-day average with RSI at 24 (deeply oversold) — a classic bounce-watch setup, but the trend is still down. This is a contrarian bet on reversal, not a confirmed buy — the price could keep falling instead.",1755.27,1870.51,2026-09-22 00:00:00
IMS,18.1,HOLD,-2,SHORT-TERM/TRADE,high volatility — big daily swings; RSI at an extreme — often short-lived,29.7,down,5.83,3452857,15.99,20.21,"{'hit_rate_pct': 64.1, 'median_days': 10, 'sample_size': 131}",17.0,30.0,6.1,65.7,4739,85775.9,RSI oversold (30); downtrend (price < SMA20 < SMA50); MACD bearish crossover,True,"Down 17.3% below its 50-day average with RSI at 30 (deeply oversold) — a classic bounce-watch setup, but the trend is still down. This is a contrarian bet on reversal, not a confirmed buy — the price could keep falling instead.",17.05,19.4,2026-09-22 00:00:00
HICL,8.1,HOLD,-2,SHORT-TERM/TRADE,high volatility — big daily swings; RSI at an extreme — often short-lived,2.1,down,8.35,6895310,6.75,9.45,"{'hit_rate_pct': 42.4, 'median_days': 12, 'sample_size': 132}",7.91,15.64,2.3,93.1,7407,59996.7,RSI oversold (2); downtrend (price < SMA20 < SMA50); MACD bearish crossover,True,"Down 25.8% below its 50-day average with RSI at 2 (deeply oversold) — a classic bounce-watch setup, but the trend is still down. This is a contrarian bet on reversal, not a confirmed buy — the price could keep falling instead.",7.42,10.06,2026-09-22 00:00:00
SAZEW,1740.82,HOLD,-2,LONG-TERM,50-day trend has moved -5.5% over the last month; relatively low volatility; RSI at an extreme — often short-lived,24.5,down,2.41,212272587,1656.95,1824.69,"{'hit_rate_pct': 26.5, 'median_days': 5, 'sample_size': 132}",1735.0,2125.0,0.3,22.1,57,99226.74,RSI oversold (24); downtrend (price < SMA20 < SMA50); MACD bearish crossover,True,"Down 7.2% below its 50-day average with RSI at 24 (deeply oversold) — a classic bounce-watch setup, but the trend is still down. This is a contrarian bet on reversal, not a confirmed buy — the price could keep falling instead.",1698.89,1811.78,2026-09-22 00:00:00
TRIPF,133.41,HOLD,-2,LONG-TERM,50-day trend has moved -4.8% over the last month; relatively low volatility; RSI at an extreme — often short-lived,33.0,down,2.68,2430287,126.25,140.57,"{'hit_rate_pct': 75.0, 'median_days': 8, 'sample_size': 132}",126.56,171.88,5.1,28.8,749,99924.09,RSI oversold (33); downtrend (price < SMA20 < SMA50); MACD bearish crossover,False,,,,2026-09-22 00:00:00
TRSM,13.87,HOLD,-2,SHORT-TERM/TRADE,high volatility — big daily swings; RSI at an extreme — often short-lived,26.4,down,7.17,11916635,11.88,15.86,"{'hit_rate_pct': 49.2, 'median_days': 9, 'sample_size': 132}",12.04,25.8,13.2,86.0,5025,69696.75,RSI oversold (26); downtrend (price < SMA20 < SMA50); MACD bearish crossover,True,"Down 18.3% below its 50-day average with RSI at 26 (deeply oversold) — a classic bounce-watch setup, but the trend is still down. This is a contrarian bet on reversal, not a confirmed buy — the price could keep falling instead.",12.88,15.14,2026-09-22 00:00:00
WAHDAT,14.59,HOLD,-2,SHORT-TERM/TRADE,50-day trend has moved -7.9% over the last month; high volatility — big daily swings; RSI at an extreme — often short-lived,20.2,down,3.62,5802410,13.53,15.65,"{'hit_rate_pct': 2.2, 'median_days': 1, 'sample_size': 90}",14.3,19.4,2.0,33.0,6854,99999.86,RSI oversold (20); downtrend (price < SMA20 < SMA50); MACD bearish crossover,True,"Down 9.1% below its 50-day average with RSI at 20 (deeply oversold) — a classic bounce-watch setup, but the trend is still down. This is a contrarian bet on reversal, not a confirmed buy — the price could keep falling instead.",14.06,15.24,2026-09-22 00:00:00
TSPL,13.58,HOLD,-2,SHORT-TERM/TRADE,high volatility — big daily swings; RSI at an extreme — often short-lived,18.5,down,5.86,2777733,11.99,15.17,"{'hit_rate_pct': 65.9, 'median_days': 8, 'sample_size': 132}",13.02,20.5,4.1,51.0,6289,85404.62,RSI oversold (18); downtrend (price < SMA20 < SMA50); MACD bearish crossover,True,"Down 14.2% below its 50-day average with RSI at 18 (deeply oversold) — a classic bounce-watch setup, but the trend is still down. This is a contrarian bet on reversal, not a confirmed buy — the price could keep falling instead.",12.78,15.27,2026-09-22 00:00:00
WASL,5.84,HOLD,-2,SHORT-TERM/TRADE,50-day trend has moved +4.1% over the last month; high volatility — big daily swings; RSI at an extreme — often short-lived,30.9,down,5.36,7838522,5.21,6.47,"{'hit_rate_pct': 62.1, 'median_days': 10, 'sample_size': 132}",5.11,7.92,12.5,35.6,15873,92698.32,RSI oversold (31); downtrend (price < SMA20 < SMA50); MACD bearish crossover,False,,,,2026-09-22 00:00:00
BWCL,445.97,HOLD,-2,EITHER,relatively low volatility; RSI at an extreme — often short-lived,20.7,down,1.74,7550243,430.46,461.48,"{'hit_rate_pct': 49.2, 'median_days': 6, 'sample_size': 132}",430.0,524.0,3.6,17.5,224,99897.28,RSI oversold (21); downtrend (price < SMA20 < SMA50); MACD bearish crossover,True,"Down 7.8% below its 50-day average with RSI at 21 (deeply oversold) — a classic bounce-watch setup, but the trend is still down. This is a contrarian bet on reversal, not a confirmed buy — the price could keep falling instead.",438.22,461.47,2026-09-22 00:00:00
SHFA,444.0,HOLD,-2,SHORT-TERM/TRADE,50-day trend has moved -4.1% over the last month; high volatility — big daily swings; RSI at an extreme — often short-lived,24.8,down,3.53,7449032,412.68,475.32,"{'hit_rate_pct': 40.2, 'median_days': 15, 'sample_size': 132}",415.2,557.0,6.5,25.5,225,99900.0,RSI oversold (25); downtrend (price < SMA20 < SMA50); MACD bearish crossover,True,"Down 10.0% below its 50-day average with RSI at 25 (deeply oversold) — a classic bounce-watch setup, but the trend is still down. This is a contrarian bet on reversal, not a confirmed buy — the price could keep falling instead.",428.34,462.21,2026-09-22 00:00:00
SLM,22.8,HOLD,-2,EITHER,relatively low volatility; RSI at an extreme — often short-lived,28.0,down,2.29,43215833,21.76,23.84,"{'hit_rate_pct': 4.5, 'median_days': 1, 'sample_size': 67}",22.25,25.83,2.4,13.3,4385,99978.0,RSI oversold (28); downtrend (price < SMA20 < SMA50); MACD bearish crossover,True,"Down 4.4% below its 50-day average with RSI at 28 (deeply oversold) — a classic bounce-watch setup, but the trend is still down. This is a contrarian bet on reversal, not a confirmed buy — the price could keep falling instead.",22.28,23.5,2026-09-22 00:00:00
SSGC,23.63,HOLD,-2,SHORT-TERM/TRADE,50-day trend has moved -7.4% over the last month; high volatility — big daily swings; RSI at an extreme — often short-lived,23.3,down,4.03,145678148,21.73,25.53,"{'hit_rate_pct': 49.2, 'median_days': 9, 'sample_size': 132}",22.51,32.75,4.7,38.6,4231,99978.53,RSI oversold (23); downtrend (price < SMA20 < SMA50); MACD bearish crossover,True,"Down 11.3% below its 50-day average with RSI at 23 (deeply oversold) — a classic bounce-watch setup, but the trend is still down. This is a contrarian bet on reversal, not a confirmed buy — the price could keep falling instead.",22.68,25.6,2026-09-22 00:00:00
SNGP,90.96,HOLD,-2,LONG-TERM,50-day trend has moved -7.3% over the last month; RSI at an extreme — often short-lived,27.0,down,3.32,134245733,84.92,97.0,"{'hit_rate_pct': 45.5, 'median_days': 11, 'sample_size': 132}",87.55,124.0,3.7,36.3,1099,99965.04,RSI oversold (27); downtrend (price < SMA20 < SMA50); MACD bearish crossover,True,"Down 9.7% below its 50-day average with RSI at 27 (deeply oversold) — a classic bounce-watch setup, but the trend is still down. This is a contrarian bet on reversal, not a confirmed buy — the price could keep falling instead.",87.94,95.86,2026-09-22 00:00:00
BOP,30.77,HOLD,-2,LONG-TERM,50-day trend has moved -3.4% over the last month; RSI at an extreme — often short-lived,26.5,down,3.12,644696346,28.85,32.69,"{'hit_rate_pct': 54.5, 'median_days': 8, 'sample_size': 132}",30.01,38.08,2.5,23.8,3249,99971.73,RSI oversold (27); downtrend (price < SMA20 < SMA50); MACD bearish crossover,True,"Down 8.2% below its 50-day average with RSI at 27 (deeply oversold) — a classic bounce-watch setup, but the trend is still down. This is a contrarian bet on reversal, not a confirmed buy — the price could keep falling instead.",29.81,32.78,2026-09-22 00:00:00
GCWL,14.41,HOLD,-2,SHORT-TERM/TRADE,50-day trend has moved -5.1% over the last month; high volatility — big daily swings; RSI at an extreme — often short-lived,30.3,down,4.8,6462270,13.03,15.79,"{'hit_rate_pct': 17.4, 'median_days': 11, 'sample_size': 132}",13.17,18.25,8.6,26.6,6939,99990.99,RSI oversold (30); downtrend (price < SMA20 < SMA50); MACD bearish crossover,False,,,,2026-09-22 00:00:00
GAL,537.88,HOLD,-2,SHORT-TERM/TRADE,high volatility — big daily swings; RSI at an extreme — often short-lived,17.5,down,4.39,315498374,490.68,585.08,"{'hit_rate_pct': 68.2, 'median_days': 11, 'sample_size': 132}",529.0,672.97,1.7,25.1,185,99507.8,RSI oversold (18); downtrend (price < SMA20 < SMA50); MACD bearish crossover,True,"Down 10.5% below its 50-day average with RSI at 18 (deeply oversold) — a classic bounce-watch setup, but the trend is still down. This is a contrarian bet on reversal, not a confirmed buy — the price could keep falling instead.",514.28,601.06,2026-09-22 00:00:00
FFLM,11.26,HOLD,-2,SHORT-TERM/TRADE,50-day trend has moved -16.8% over the last month; high volatility — big daily swings; RSI at an extreme — often short-lived,11.5,down,8.08,3865379,9.44,13.08,"{'hit_rate_pct': 50.8, 'median_days': 7, 'sample_size': 132}",10.14,27.0,9.9,139.8,5494,61862.44,RSI oversold (11); downtrend (price < SMA20 < SMA50); MACD bearish crossover,True,"Down 19.3% below its 50-day average with RSI at 11 (deeply oversold) — a classic bounce-watch setup, but the trend is still down. This is a contrarian bet on reversal, not a confirmed buy — the price could keep falling instead.",10.35,12.71,2026-09-22 00:00:00
COLG,1134.79,HOLD,-2,EITHER,relatively low volatility; RSI at an extreme — often short-lived,25.3,down,2.13,12023402,1086.46,1183.12,"{'hit_rate_pct': 37.1, 'median_days': 11, 'sample_size': 132}",1120.0,1293.38,1.3,14.0,88,99861.52,RSI oversold (25); downtrend (price < SMA20 < SMA50); MACD bearish crossover,True,"Down 6.3% below its 50-day average with RSI at 25 (deeply oversold) — a classic bounce-watch setup, but the trend is still down. This is a contrarian bet on reversal, not a confirmed buy — the price could keep falling instead.",1110.62,1177.42,2026-09-22 00:00:00
LOADS,12.64,AVOID,-3,EITHER,50-day trend has moved -4.8% over the last month; high volatility — big daily swings,44.7,down,3.67,19653887,11.71,13.57,"{'hit_rate_pct': 43.9, 'median_days': 10, 'sample_size': 132}",12.5,15.29,1.1,21.0,7911,99995.04,downtrend (price < SMA20 < SMA50); MACD bearish crossover,False,,,,2026-09-22 00:00:00
SGF,106.62,AVOID,-3,EITHER,50-day trend has moved -3.6% over the last month; high volatility — big daily swings,40.2,down,4.39,37807645,97.25,115.99,"{'hit_rate_pct': 37.9, 'median_days': 9, 'sample_size': 132}",100.5,127.01,5.7,19.1,937,99902.94,downtrend (price < SMA20 < SMA50); MACD bearish crossover,False,,,,2026-09-22 00:00:00
OBOY,17.29,AVOID,-3,EITHER,50-day trend has moved -3.7% over the last month; high volatility — big daily swings,45.5,down,5.82,52922696,15.28,19.3,"{'hit_rate_pct': 61.4, 'median_days': 9, 'sample_size': 132}",14.78,20.8,14.5,20.3,4975,86017.75,downtrend (price < SMA20 < SMA50); MACD bearish crossover,False,,,,2026-09-22 00:00:00
786,20.66,AVOID,-3,EITHER,50-day trend has moved -5.9% over the last month; high volatility — big daily swings,40.2,down,7.68,2703658,17.49,23.83,"{'hit_rate_pct': 22.0, 'median_days': 3, 'sample_size': 132}",20.0,29.35,3.2,42.1,3154,65161.64,downtrend (price < SMA20 < SMA50); MACD bearish crossover,False,,,,2026-09-22 00:00:00
TPLRF1,9.3,AVOID,-3,SHORT-TERM/TRADE,high volatility — big daily swings,38.8,down,3.92,25298727,8.57,10.03,"{'hit_rate_pct': 32.6, 'median_days': 11, 'sample_size': 132}",8.7,11.13,6.5,19.7,10752,99993.6,downtrend (price < SMA20 < SMA50); MACD bearish crossover,False,,,,2026-09-22 00:00:00
WTL,1.0,AVOID,-3,SHORT-TERM/TRADE,50-day trend has moved -5.7% over the last month; high volatility — big daily swings; RSI at an extreme — often short-lived; unusual volume today — check for news,11.8,down,4.29,32235353,0.91,1.09,"{'hit_rate_pct': 17.4, 'median_days': 9, 'sample_size': 132}",0.98,1.41,2.0,41.0,100000,100000.0,RSI oversold (12); downtrend (price < SMA20 < SMA50); MACD bearish crossover; high volume on down move,True,"Down 14.7% below its 50-day average with RSI at 12 (deeply oversold) — a classic bounce-watch setup, but the trend is still down. This is a contrarian bet on reversal, not a confirmed buy — the price could keep falling instead.",0.96,1.1,2026-09-22 00:00:00
PSX,46.38,AVOID,-3,LONG-TERM,50-day trend has moved -3.0% over the last month,36.1,down,3.16,63415690,43.45,49.31,"{'hit_rate_pct': 59.8, 'median_days': 6, 'sample_size': 132}",43.85,57.74,5.5,24.5,2156,99995.28,downtrend (price < SMA20 < SMA50); MACD bearish crossover,False,,,,2026-09-22 00:00:00
MEBL,550.42,AVOID,-3,LONG-TERM,relatively low volatility,42.2,down,2.4,387163052,524.02,576.82,"{'hit_rate_pct': 63.6, 'median_days': 9, 'sample_size': 132}",510.0,605.0,7.3,9.9,181,99626.02,downtrend (price < SMA20 < SMA50); MACD bearish crossover,False,,,,2026-09-22 00:00:00
PAKRI,15.9,AVOID,-3,LONG-TERM,relatively low volatility,39.6,down,2.95,12386685,14.96,16.84,"{'hit_rate_pct': 56.1, 'median_days': 8, 'sample_size': 132}",15.0,19.9,5.7,25.2,6289,99995.1,downtrend (price < SMA20 < SMA50); MACD bearish crossover,False,,,,2026-09-22 00:00:00
MLCF,96.19,AVOID,-3,EITHER,no strong lean either way,47.5,down,3.48,893523002,89.5,102.88,"{'hit_rate_pct': 55.3, 'median_days': 6, 'sample_size': 132}",86.55,110.2,10.0,14.6,1039,99941.41,downtrend (price < SMA20 < SMA50); MACD bearish crossover,False,,,,2026-09-22 00:00:00
PABC,94.38,AVOID,-3,EITHER,50-day trend has moved -5.3% over the last month; high volatility — big daily swings,43.8,down,5.37,2643937,84.25,104.51,"{'hit_rate_pct': 21.2, 'median_days': 10, 'sample_size': 132}",90.25,115.9,4.4,22.8,987,93153.06,downtrend (price < SMA20 < SMA50); MACD bearish crossover,False,,,,2026-09-22 00:00:00
KOHTM,100.63,AVOID,-3,SHORT-TERM/TRADE,50-day trend has moved -13.2% over the last month; high volatility — big daily swings; RSI at an extreme — often short-lived; unusual volume today — check for news,33.7,down,7.57,12254878,85.4,115.86,"{'hit_rate_pct': 49.2, 'median_days': 12, 'sample_size': 132}",81.0,210.0,19.5,108.7,656,66013.28,RSI oversold (34); downtrend (price < SMA20 < SMA50); MACD bearish crossover; high volume on down move,False,,,,2026-09-22 00:00:00
PECO,617.37,AVOID,-3,EITHER,50-day trend has moved -8.0% over the last month; high volatility — big daily swings,44.5,down,6.56,3390628,536.43,698.31,"{'hit_rate_pct': 48.8, 'median_days': 14, 'sample_size': 129}",593.73,917.81,3.8,48.7,123,75936.51,downtrend (price < SMA20 < SMA50); MACD bearish crossover,False,,,,2026-09-22 00:00:00
SCL,750.07,AVOID,-3,LONG-TERM,50-day trend has moved -3.7% over the last month; relatively low volatility,37.2,down,1.63,2448541,725.65,774.49,"{'hit_rate_pct': 67.4, 'median_days': 11, 'sample_size': 86}",0.0,828.0,100.0,10.4,133,99759.31,downtrend (price < SMA20 < SMA50); MACD bearish crossover,False,,,,2026-07-24 00:00:00
KSBP,215.19,AVOID,-3,SHORT-TERM/TRADE,high volatility — big daily swings,35.4,down,4.57,9201405,195.5,234.88,"{'hit_rate_pct': 56.8, 'median_days': 10, 'sample_size': 132}",200.25,263.98,6.9,22.7,464,99848.16,downtrend (price < SMA20 < SMA50); MACD bearish crossover,False,,,,2026-09-22 00:00:00
BWHL,219.3,AVOID,-3,EITHER,no strong lean either way,38.1,down,3.07,4613839,205.85,232.75,"{'hit_rate_pct': 56.8, 'median_days': 10, 'sample_size': 132}",208.0,247.99,5.2,13.1,455,99781.5,downtrend (price < SMA20 < SMA50); MACD bearish crossover,False,,,,2026-09-22 00:00:00
HPL,3918.8,AVOID,-3,LONG-TERM,relatively low volatility,38.1,down,2.25,2519476,3742.81,4094.79,"{'hit_rate_pct': 11.4, 'median_days': 5, 'sample_size': 132}",3637.1,4421.36,7.2,12.8,25,97970.0,downtrend (price < SMA20 < SMA50); MACD bearish crossover,False,,,,2026-09-22 00:00:00
HBL,303.16,AVOID,-3,LONG-TERM,relatively low volatility,35.1,down,1.78,392421305,292.39,313.93,"{'hit_rate_pct': 67.4, 'median_days': 5, 'sample_size': 132}",283.05,343.39,6.6,13.3,329,99739.64,downtrend (price < SMA20 < SMA50); MACD bearish crossover,False,,,,2026-09-22 00:00:00
HCAR,223.36,AVOID,-3,EITHER,50-day trend has moved -3.3% over the last month; high volatility — big daily swings,41.6,down,3.77,108953337,206.52,240.2,"{'hit_rate_pct': 47.7, 'median_days': 6, 'sample_size': 132}",211.11,261.98,5.5,17.3,447,99841.92,downtrend (price < SMA20 < SMA50); MACD bearish crossover,False,,,,2026-09-22 00:00:00
PREMA,32.36,AVOID,-3,SHORT-TERM/TRADE,high volatility — big daily swings,41.9,down,4.48,77072071,29.46,35.26,"{'hit_rate_pct': 47.0, 'median_days': 7, 'sample_size': 132}",29.13,44.0,10.0,36.0,3090,99992.4,downtrend (price < SMA20 < SMA50); MACD bearish crossover,False,,,,2026-09-22 00:00:00
GGL,20.52,AVOID,-3,EITHER,50-day trend has moved -4.4% over the last month; high volatility — big daily swings,41.7,down,5.03,20846189,18.45,22.59,"{'hit_rate_pct': 53.0, 'median_days': 8, 'sample_size': 132}",18.2,27.7,11.3,35.0,4830,99111.6,downtrend (price < SMA20 < SMA50); MACD bearish crossover,False,,,,2026-09-22 00:00:00
DSL,4.45,AVOID,-3,EITHER,50-day trend has moved -5.6% over the last month; high volatility — big daily swings,41.2,down,6.1,5275605,3.91,4.99,"{'hit_rate_pct': 22.7, 'median_days': 13, 'sample_size': 132}",4.06,5.59,8.8,25.6,18518,82405.1,downtrend (price < SMA20 < SMA50); MACD bearish crossover,False,,,,2026-09-22 00:00:00
EMCO,36.06,AVOID,-3,EITHER,50-day trend has moved -7.6% over the last month; high volatility — big daily swings,36.7,down,7.91,5295627,30.35,41.77,"{'hit_rate_pct': 45.5, 'median_days': 13, 'sample_size': 132}",36.0,59.99,0.2,66.4,1751,63141.06,downtrend (price < SMA20 < SMA50); MACD bearish crossover,False,,,,2026-09-22 00:00:00
AGTL,344.81,AVOID,-3,LONG-TERM,50-day trend has moved -4.0% over the last month,46.1,down,3.2,9912632,322.71,366.91,"{'hit_rate_pct': 44.7, 'median_days': 9, 'sample_size': 132}",338.0,416.73,2.0,20.9,290,99994.9,downtrend (price < SMA20 < SMA50); MACD bearish crossover,False,,,,2026-09-22 00:00:00
SHSML,355.0,AVOID,-3,SHORT-TERM/TRADE,high volatility — big daily swings; RSI at an extreme — often short-lived; unusual volume today — check for news,20.8,down,10.35,2835380,281.51,428.49,"{'hit_rate_pct': 0.0, 'median_days': None, 'sample_size': 125}",0.0,423.5,100.0,19.3,136,48280.0,RSI oversold (21); downtrend (price < SMA20 < SMA50); MACD bearish crossover; high volume on down move,True,"Down 5.3% below its 50-day average with RSI at 21 (deeply oversold) — a classic bounce-watch setup, but the trend is still down. This is a contrarian bet on reversal, not a confirmed buy — the price could keep falling instead.",318.26,366.44,2026-09-22 00:00:00
FATIMA,148.46,AVOID,-3,LONG-TERM,relatively low volatility,41.4,down,2.83,92625185,140.05,156.87,"{'hit_rate_pct': 48.5, 'median_days': 9, 'sample_size': 132}",140.0,169.01,5.7,13.8,673,99913.58,downtrend (price < SMA20 < SMA50); MACD bearish crossover,False,,,,2026-09-22 00:00:00
GCIL,31.48,AVOID,-3,SHORT-TERM/TRADE,high volatility — big daily swings; RSI at an extreme — often short-lived; unusual volume today — check for news,32.0,down,3.59,61692097,29.22,33.74,"{'hit_rate_pct': 50.0, 'median_days': 6, 'sample_size': 132}",30.9,40.6,1.8,29.0,3176,99980.48,RSI oversold (32); downtrend (price < SMA20 < SMA50); MACD bearish crossover; high volume on down move,False,,,,2026-09-22 00:00:00
AKDSL,35.56,AVOID,-3,EITHER,50-day trend has moved -5.1% over the last month; high volatility — big daily swings,37.7,down,3.86,4511021,32.82,38.3,"{'hit_rate_pct': 52.3, 'median_days': 8, 'sample_size': 132}",32.55,43.5,8.5,22.3,2812,99994.72,downtrend (price < SMA20 < SMA50); MACD bearish crossover,False,,,,2026-09-22 00:00:00
BFBIO,125.43,AVOID,-3,EITHER,50-day trend has moved -4.5% over the last month; high volatility — big daily swings,36.7,down,3.58,17160372,116.45,134.41,"{'hit_rate_pct': 33.3, 'median_days': 13, 'sample_size': 132}",117.2,148.25,6.6,18.2,797,99967.71,downtrend (price < SMA20 < SMA50); MACD bearish crossover,False,,,,2026-09-22 00:00:00
TPLL,18.86,AVOID,-4,SHORT-TERM/TRADE,50-day trend has moved -4.4% over the last month; high volatility — big daily swings; unusual volume today — check for news,35.4,down,6.65,5676272,16.35,21.37,"{'hit_rate_pct': 47.3, 'median_days': 12, 'sample_size': 131}",18.0,27.8,4.6,47.4,3984,75138.24,downtrend (price < SMA20 < SMA50); MACD bearish crossover; high volume on down move,False,,,,2026-09-22 00:00:00
JDMT,124.4,AVOID,-4,SHORT-TERM/TRADE,high volatility — big daily swings; unusual volume today — check for news,40.1,down,9.22,3446170,101.45,147.35,"{'hit_rate_pct': 56.1, 'median_days': 10, 'sample_size': 132}",120.11,199.89,3.4,60.7,435,54114.0,downtrend (price < SMA20 < SMA50); MACD bearish crossover; high volume on down move,False,,,,2026-09-22 00:00:00
